PlanetsAspect,PlanetX,PlanetY,Aspect,Buy,Sell,DaysN,BuyDays%,SellDays%
CECH_a103,Ceres,Chiron,BiSeptile,10,11,21,0.48,0.52
CECH_a120,Ceres,Chiron,Trine,30,27,57,0.53,0.47
CECH_a135,Ceres,Chiron,SesquiSquare,21,32,53,0.4,0.6
CECH_a144,Ceres,Chiron,BiQuintile,31,32,63,0.49,0.51
CECH_a150,Ceres,Chiron,Quincunx,13,7,20,0.65,0.35
CECH_a180,Ceres,Chiron,Opposition,1,7,8,0.12,0.88
CECH_a30,Ceres,Chiron,SemiSextile,50,66,116,0.43,0.57
CECH_a36,Ceres,Chiron,SemiQuintile,49,65,114,0.43,0.57
CECH_a45,Ceres,Chiron,SemiSquare,15,13,28,0.54,0.46
CECH_a60,Ceres,Chiron,Sextile,12,11,23,0.52,0.48
CECH_a72,Ceres,Chiron,Quintile,14,8,22,0.64,0.36
CECH_a90,Ceres,Chiron,Square,5,16,21,0.24,0.76
CEJU_a0,Ceres,Jupiter,Conjunction,12,12,24,0.5,0.5
CEJU_a103,Ceres,Jupiter,BiSeptile,28,12,40,0.7,0.3
CEJU_a120,Ceres,Jupiter,Trine,7,3,10,0.7,0.3
CEJU_a135,Ceres,Jupiter,SesquiSquare,5,3,8,0.62,0.38
CEJU_a144,Ceres,Jupiter,BiQuintile,3,5,8,0.38,0.62
CEJU_a150,Ceres,Jupiter,Quincunx,3,5,8,0.38,0.62
CEJU_a180,Ceres,Jupiter,Opposition,12,12,24,0.5,0.5
CEJU_a30,Ceres,Jupiter,SemiSextile,20,16,36,0.56,0.44
CEJU_a36,Ceres,Jupiter,SemiQuintile,41,35,76,0.54,0.46
CEJU_a45,Ceres,Jupiter,SemiSquare,20,33,53,0.38,0.62
CEJU_a60,Ceres,Jupiter,Sextile,2,9,11,0.18,0.82
CEJU_a72,Ceres,Jupiter,Quintile,4,6,10,0.4,0.6
CEJU_a90,Ceres,Jupiter,Square,19,25,44,0.43,0.57
CENE_a0,Ceres,Neptune,Conjunction,5,8,13,0.38,0.62
CENE_a103,Ceres,Neptune,BiSeptile,27,34,61,0.44,0.56
CENE_a120,Ceres,Neptune,Trine,7,13,20,0.35,0.65
CENE_a135,Ceres,Neptune,SesquiSquare,11,9,20,0.55,0.45
CENE_a144,Ceres,Neptune,BiQuintile,29,31,60,0.48,0.52
CENE_a150,Ceres,Neptune,Quincunx,26,28,54,0.48,0.52
CENE_a180,Ceres,Neptune,Opposition,2,7,9,0.22,0.78
CENE_a30,Ceres,Neptune,SemiSextile,6,7,13,0.46,0.54
CENE_a36,Ceres,Neptune,SemiQuintile,4,8,12,0.33,0.67
CENE_a45,Ceres,Neptune,SemiSquare,18,39,57,0.32,0.68
CENE_a60,Ceres,Neptune,Sextile,14,10,24,0.58,0.42
CENE_a72,Ceres,Neptune,Quintile,11,11,22,0.5,0.5
CENE_a90,Ceres,Neptune,Square,14,8,22,0.64,0.36
CENN_a0,Ceres,NNode,Conjunction,38,33,71,0.54,0.46
CENN_a103,Ceres,NNode,BiSeptile,15,16,31,0.48,0.52
CENN_a120,Ceres,NNode,Trine,12,22,34,0.35,0.65
CENN_a135,Ceres,NNode,SesquiSquare,62,101,163,0.38,0.62
CENN_a144,Ceres,NNode,BiQuintile,16,21,37,0.43,0.57
CENN_a150,Ceres,NNode,Quincunx,7,13,20,0.35,0.65
CENN_a180,Ceres,NNode,Opposition,8,1,9,0.89,0.11
CENN_a30,Ceres,NNode,SemiSextile,9,9,18,0.5,0.5
CENN_a36,Ceres,NNode,SemiQuintile,12,7,19,0.63,0.37
CENN_a45,Ceres,NNode,SemiSquare,9,8,17,0.53,0.47
CENN_a60,Ceres,NNode,Sextile,6,11,17,0.35,0.65
CENN_a72,Ceres,NNode,Quintile,9,8,17,0.53,0.47
CENN_a90,Ceres,NNode,Square,15,13,28,0.54,0.46
CEPA_a103,Ceres,Pallas,BiSeptile,10,6,16,0.62,0.38
CEPA_a30,Ceres,Pallas,SemiSextile,76,83,159,0.48,0.52
CEPA_a36,Ceres,Pallas,SemiQuintile,86,81,167,0.51,0.49
CEPA_a45,Ceres,Pallas,SemiSquare,34,37,71,0.48,0.52
CEPA_a60,Ceres,Pallas,Sextile,33,40,73,0.45,0.55
CEPA_a72,Ceres,Pallas,Quintile,6,13,19,0.32,0.68
CEPA_a90,Ceres,Pallas,Square,6,8,14,0.43,0.57
CEPH_a0,Ceres,Pholus,Conjunction,1,11,12,0.08,0.92
CEPH_a103,Ceres,Pholus,BiSeptile,1,8,9,0.11,0.89
CEPH_a120,Ceres,Pholus,Trine,10,29,39,0.26,0.74
CEPH_a135,Ceres,Pholus,SesquiSquare,27,31,58,0.47,0.53
CEPH_a144,Ceres,Pholus,BiQuintile,33,36,69,0.48,0.52
CEPH_a150,Ceres,Pholus,Quincunx,9,12,21,0.43,0.57
CEPH_a180,Ceres,Pholus,Opposition,2,7,9,0.22,0.78
CEPH_a30,Ceres,Pholus,SemiSextile,32,48,80,0.4,0.6
CEPH_a36,Ceres,Pholus,SemiQuintile,7,17,24,0.29,0.71
CEPH_a45,Ceres,Pholus,SemiSquare,12,11,23,0.52,0.48
CEPH_a60,Ceres,Pholus,Sextile,43,33,76,0.57,0.43
CEPH_a72,Ceres,Pholus,Quintile,26,22,48,0.54,0.46
CEPH_a90,Ceres,Pholus,Square,5,4,9,0.56,0.44
CEPL_a0,Ceres,Pluto,Conjunction,8,3,11,0.73,0.27
CEPL_a103,Ceres,Pluto,BiSeptile,11,14,25,0.44,0.56
CEPL_a120,Ceres,Pluto,Trine,9,11,20,0.45,0.55
CEPL_a135,Ceres,Pluto,SesquiSquare,9,11,20,0.45,0.55
CEPL_a144,Ceres,Pluto,BiQuintile,10,11,21,0.48,0.52
CEPL_a150,Ceres,Pluto,Quincunx,41,28,69,0.59,0.41
CEPL_a180,Ceres,Pluto,Opposition,7,3,10,0.7,0.3
CEPL_a30,Ceres,Pluto,SemiSextile,15,11,26,0.58,0.42
CEPL_a36,Ceres,Pluto,SemiQuintile,40,39,79,0.51,0.49
CEPL_a45,Ceres,Pluto,SemiSquare,57,59,116,0.49,0.51
CEPL_a60,Ceres,Pluto,Sextile,5,9,14,0.36,0.64
CEPL_a72,Ceres,Pluto,Quintile,4,7,11,0.36,0.64
CEPL_a90,Ceres,Pluto,Square,7,3,10,0.7,0.3
CESA_a0,Ceres,Saturn,Conjunction,11,4,15,0.73,0.27
CESA_a103,Ceres,Saturn,BiSeptile,4,5,9,0.44,0.56
CESA_a120,Ceres,Saturn,Trine,18,24,42,0.43,0.57
CESA_a135,Ceres,Saturn,SesquiSquare,29,29,58,0.5,0.5
CESA_a144,Ceres,Saturn,BiQuintile,20,26,46,0.43,0.57
CESA_a150,Ceres,Saturn,Quincunx,25,30,55,0.45,0.55
CESA_a180,Ceres,Saturn,Opposition,3,6,9,0.33,0.67
CESA_a30,Ceres,Saturn,SemiSextile,10,19,29,0.34,0.66
CESA_a36,Ceres,Saturn,SemiQuintile,85,67,152,0.56,0.44
CESA_a45,Ceres,Saturn,SemiSquare,69,66,135,0.51,0.49
CESA_a60,Ceres,Saturn,Sextile,4,9,13,0.31,0.69
CESA_a72,Ceres,Saturn,Quintile,4,7,11,0.36,0.64
CESA_a90,Ceres,Saturn,Square,3,7,10,0.3,0.7
CESN_a0,Ceres,SNode,Conjunction,8,1,9,0.89,0.11
CESN_a103,Ceres,SNode,BiSeptile,12,5,17,0.71,0.29
CESN_a120,Ceres,SNode,Trine,6,11,17,0.35,0.65
CESN_a135,Ceres,SNode,SesquiSquare,9,8,17,0.53,0.47
CESN_a144,Ceres,SNode,BiQuintile,12,7,19,0.63,0.37
CESN_a150,Ceres,SNode,Quincunx,9,9,18,0.5,0.5
CESN_a180,Ceres,SNode,Opposition,38,33,71,0.54,0.46
CESN_a30,Ceres,SNode,SemiSextile,7,13,20,0.35,0.65
CESN_a36,Ceres,SNode,SemiQuintile,16,21,37,0.43,0.57
CESN_a45,Ceres,SNode,SemiSquare,62,101,163,0.38,0.62
CESN_a60,Ceres,SNode,Sextile,12,23,35,0.34,0.66
CESN_a72,Ceres,SNode,Quintile,44,45,89,0.49,0.51
CESN_a90,Ceres,SNode,Square,15,13,28,0.54,0.46
CEUR_a0,Ceres,Uranus,Conjunction,15,34,49,0.31,0.69
CEUR_a103,Ceres,Uranus,BiSeptile,29,31,60,0.48,0.52
CEUR_a120,Ceres,Uranus,Trine,10,10,20,0.5,0.5
CEUR_a135,Ceres,Uranus,SesquiSquare,5,15,20,0.25,0.75
CEUR_a144,Ceres,Uranus,BiQuintile,28,26,54,0.52,0.48
CEUR_a150,Ceres,Uranus,Quincunx,27,26,53,0.51,0.49
CEUR_a180,Ceres,Uranus,Opposition,5,4,9,0.56,0.44
CEUR_a30,Ceres,Uranus,SemiSextile,5,7,12,0.42,0.58
CEUR_a36,Ceres,Uranus,SemiQuintile,7,4,11,0.64,0.36
CEUR_a45,Ceres,Uranus,SemiSquare,15,8,23,0.65,0.35
CEUR_a60,Ceres,Uranus,Sextile,41,39,80,0.51,0.49
CEUR_a72,Ceres,Uranus,Quintile,32,20,52,0.62,0.38
CEUR_a90,Ceres,Uranus,Square,10,12,22,0.45,0.55
CHPH_a90,Chiron,Pholus,Square,298,314,612,0.49,0.51
CHPL_a72,Chiron,Pluto,Quintile,305,332,637,0.48,0.52
CHUR_a30,Chiron,Uranus,SemiSextile,640,724,1364,0.47,0.53
JNCE_a103,Juno,Ceres,BiSeptile,18,21,39,0.46,0.54
JNCE_a120,Juno,Ceres,Trine,63,93,156,0.4,0.6
JNCE_a135,Juno,Ceres,SesquiSquare,27,37,64,0.42,0.58
JNCE_a144,Juno,Ceres,BiQuintile,24,32,56,0.43,0.57
JNCE_a150,Juno,Ceres,Quincunx,37,22,59,0.63,0.37
JNCE_a180,Juno,Ceres,Opposition,21,20,41,0.51,0.49
JNCE_a90,Juno,Ceres,Square,22,25,47,0.47,0.53
JNCH_a0,Juno,Chiron,Conjunction,4,5,9,0.44,0.56
JNCH_a103,Juno,Chiron,BiSeptile,11,10,21,0.52,0.48
JNCH_a120,Juno,Chiron,Trine,12,11,23,0.52,0.48
JNCH_a135,Juno,Chiron,SesquiSquare,11,9,20,0.55,0.45
JNCH_a144,Juno,Chiron,BiQuintile,7,12,19,0.37,0.63
JNCH_a150,Juno,Chiron,Quincunx,10,7,17,0.59,0.41
JNCH_a180,Juno,Chiron,Opposition,27,34,61,0.44,0.56
JNCH_a30,Juno,Chiron,SemiSextile,8,11,19,0.42,0.58
JNCH_a36,Juno,Chiron,SemiQuintile,10,10,20,0.5,0.5
JNCH_a45,Juno,Chiron,SemiSquare,8,12,20,0.4,0.6
JNCH_a60,Juno,Chiron,Sextile,45,38,83,0.54,0.46
JNCH_a72,Juno,Chiron,Quintile,48,34,82,0.59,0.41
JNCH_a90,Juno,Chiron,Square,9,14,23,0.39,0.61
JNJU_a103,Juno,Jupiter,BiSeptile,24,22,46,0.52,0.48
JNJU_a120,Juno,Jupiter,Trine,8,7,15,0.53,0.47
JNJU_a135,Juno,Jupiter,SesquiSquare,6,8,14,0.43,0.57
JNJU_a144,Juno,Jupiter,BiQuintile,7,7,14,0.5,0.5
JNJU_a150,Juno,Jupiter,Quincunx,7,7,14,0.5,0.5
JNJU_a180,Juno,Jupiter,Opposition,15,18,33,0.45,0.55
JNJU_a60,Juno,Jupiter,Sextile,28,26,54,0.52,0.48
JNJU_a72,Juno,Jupiter,Quintile,41,37,78,0.53,0.47
JNJU_a90,Juno,Jupiter,Square,37,46,83,0.45,0.55
JNNE_a0,Juno,Neptune,Conjunction,2,7,9,0.22,0.78
JNNE_a103,Juno,Neptune,BiSeptile,11,13,24,0.46,0.54
JNNE_a120,Juno,Neptune,Trine,15,6,21,0.71,0.29
JNNE_a135,Juno,Neptune,SesquiSquare,9,10,19,0.47,0.53
JNNE_a144,Juno,Neptune,BiQuintile,24,20,44,0.55,0.45
JNNE_a150,Juno,Neptune,Quincunx,26,35,61,0.43,0.57
JNNE_a180,Juno,Neptune,Opposition,3,6,9,0.33,0.67
JNNE_a30,Juno,Neptune,SemiSextile,7,12,19,0.37,0.63
JNNE_a36,Juno,Neptune,SemiQuintile,9,11,20,0.45,0.55
JNNE_a45,Juno,Neptune,SemiSquare,11,9,20,0.55,0.45
JNNE_a60,Juno,Neptune,Sextile,34,34,68,0.5,0.5
JNNE_a72,Juno,Neptune,Quintile,34,55,89,0.38,0.62
JNNE_a90,Juno,Neptune,Square,9,14,23,0.39,0.61
JNNN_a0,Juno,NNode,Conjunction,6,2,8,0.75,0.25
JNNN_a103,Juno,NNode,BiSeptile,44,44,88,0.5,0.5
JNNN_a120,Juno,NNode,Trine,12,19,31,0.39,0.61
JNNN_a135,Juno,NNode,SesquiSquare,34,44,78,0.44,0.56
JNNN_a144,Juno,NNode,BiQuintile,13,17,30,0.43,0.57
JNNN_a150,Juno,NNode,Quincunx,18,11,29,0.62,0.38
JNNN_a180,Juno,NNode,Opposition,4,4,8,0.5,0.5
JNNN_a30,Juno,NNode,SemiSextile,9,7,16,0.56,0.44
JNNN_a36,Juno,NNode,SemiQuintile,6,10,16,0.38,0.62
JNNN_a45,Juno,NNode,SemiSquare,5,12,17,0.29,0.71
JNNN_a60,Juno,NNode,Sextile,22,31,53,0.42,0.58
JNNN_a72,Juno,NNode,Quintile,8,12,20,0.4,0.6
JNNN_a90,Juno,NNode,Square,16,16,32,0.5,0.5
JNPA_a103,Juno,Pallas,BiSeptile,27,22,49,0.55,0.45
JNPA_a120,Juno,Pallas,Trine,19,10,29,0.66,0.34
JNPA_a135,Juno,Pallas,SesquiSquare,8,6,14,0.57,0.43
JNPA_a144,Juno,Pallas,BiQuintile,6,13,19,0.32,0.68
JNPA_a150,Juno,Pallas,Quincunx,16,17,33,0.48,0.52
JNPA_a60,Juno,Pallas,Sextile,32,48,80,0.4,0.6
JNPA_a72,Juno,Pallas,Quintile,82,117,199,0.41,0.59
JNPA_a90,Juno,Pallas,Square,29,36,65,0.45,0.55
JNPH_a0,Juno,Pholus,Conjunction,5,9,14,0.36,0.64
JNPH_a103,Juno,Pholus,BiSeptile,5,14,19,0.26,0.74
JNPH_a120,Juno,Pholus,Trine,7,10,17,0.41,0.59
JNPH_a135,Juno,Pholus,SesquiSquare,6,12,18,0.33,0.67
JNPH_a144,Juno,Pholus,BiQuintile,20,34,54,0.37,0.63
JNPH_a150,Juno,Pholus,Quincunx,34,30,64,0.53,0.47
JNPH_a180,Juno,Pholus,Opposition,2,7,9,0.22,0.78
JNPH_a30,Juno,Pholus,SemiSextile,14,13,27,0.52,0.48
JNPH_a36,Juno,Pholus,SemiQuintile,13,12,25,0.52,0.48
JNPH_a45,Juno,Pholus,SemiSquare,14,9,23,0.61,0.39
JNPH_a60,Juno,Pholus,Sextile,9,14,23,0.39,0.61
JNPH_a72,Juno,Pholus,Quintile,33,43,76,0.43,0.57
JNPH_a90,Juno,Pholus,Square,11,10,21,0.52,0.48
JNPL_a0,Juno,Pluto,Conjunction,32,23,55,0.58,0.42
JNPL_a103,Juno,Pluto,BiSeptile,29,30,59,0.49,0.51
JNPL_a120,Juno,Pluto,Trine,30,35,65,0.46,0.54
JNPL_a135,Juno,Pluto,SesquiSquare,7,13,20,0.35,0.65
JNPL_a144,Juno,Pluto,BiQuintile,8,11,19,0.42,0.58
JNPL_a150,Juno,Pluto,Quincunx,10,7,17,0.59,0.41
JNPL_a180,Juno,Pluto,Opposition,3,5,8,0.38,0.62
JNPL_a30,Juno,Pluto,SemiSextile,10,13,23,0.43,0.57
JNPL_a36,Juno,Pluto,SemiQuintile,7,16,23,0.3,0.7
JNPL_a45,Juno,Pluto,SemiSquare,13,25,38,0.34,0.66
JNPL_a60,Juno,Pluto,Sextile,12,9,21,0.57,0.43
JNPL_a72,Juno,Pluto,Quintile,8,12,20,0.4,0.6
JNPL_a90,Juno,Pluto,Square,16,16,32,0.5,0.5
JNSA_a0,Juno,Saturn,Conjunction,8,10,18,0.44,0.56
JNSA_a103,Juno,Saturn,BiSeptile,20,30,50,0.4,0.6
JNSA_a120,Juno,Saturn,Trine,6,12,18,0.33,0.67
JNSA_a135,Juno,Saturn,SesquiSquare,22,26,48,0.46,0.54
JNSA_a144,Juno,Saturn,BiQuintile,27,28,55,0.49,0.51
JNSA_a150,Juno,Saturn,Quincunx,9,9,18,0.5,0.5
JNSA_a180,Juno,Saturn,Opposition,6,2,8,0.75,0.25
JNSA_a30,Juno,Saturn,SemiSextile,10,5,15,0.67,0.33
JNSA_a36,Juno,Saturn,SemiQuintile,8,6,14,0.57,0.43
JNSA_a45,Juno,Saturn,SemiSquare,5,7,12,0.42,0.58
JNSA_a60,Juno,Saturn,Sextile,13,16,29,0.45,0.55
JNSA_a72,Juno,Saturn,Quintile,9,14,23,0.39,0.61
JNSA_a90,Juno,Saturn,Square,12,8,20,0.6,0.4
JNSN_a0,Juno,SNode,Conjunction,4,4,8,0.5,0.5
JNSN_a103,Juno,SNode,BiSeptile,12,9,21,0.57,0.43
JNSN_a120,Juno,SNode,Trine,22,30,52,0.42,0.58
JNSN_a135,Juno,SNode,SesquiSquare,5,12,17,0.29,0.71
JNSN_a144,Juno,SNode,BiQuintile,6,10,16,0.38,0.62
JNSN_a150,Juno,SNode,Quincunx,9,7,16,0.56,0.44
JNSN_a180,Juno,SNode,Opposition,6,2,8,0.75,0.25
JNSN_a30,Juno,SNode,SemiSextile,18,11,29,0.62,0.38
JNSN_a36,Juno,SNode,SemiQuintile,13,17,30,0.43,0.57
JNSN_a45,Juno,SNode,SemiSquare,34,44,78,0.44,0.56
JNSN_a60,Juno,SNode,Sextile,12,19,31,0.39,0.61
JNSN_a72,Juno,SNode,Quintile,15,18,33,0.45,0.55
JNSN_a90,Juno,SNode,Square,16,16,32,0.5,0.5
JNUR_a0,Juno,Uranus,Conjunction,5,5,10,0.5,0.5
JNUR_a103,Juno,Uranus,BiSeptile,34,27,61,0.56,0.44
JNUR_a120,Juno,Uranus,Trine,10,12,22,0.45,0.55
JNUR_a135,Juno,Uranus,SesquiSquare,11,9,20,0.55,0.45
JNUR_a144,Juno,Uranus,BiQuintile,15,13,28,0.54,0.46
JNUR_a150,Juno,Uranus,Quincunx,38,37,75,0.51,0.49
JNUR_a180,Juno,Uranus,Opposition,4,6,10,0.4,0.6
JNUR_a30,Juno,Uranus,SemiSextile,32,31,63,0.51,0.49
JNUR_a36,Juno,Uranus,SemiQuintile,9,13,22,0.41,0.59
JNUR_a45,Juno,Uranus,SemiSquare,11,10,21,0.52,0.48
JNUR_a60,Juno,Uranus,Sextile,8,12,20,0.4,0.6
JNUR_a72,Juno,Uranus,Quintile,10,10,20,0.5,0.5
JNUR_a90,Juno,Uranus,Square,9,11,20,0.45,0.55
JUCH_a103,Jupiter,Chiron,BiSeptile,34,42,76,0.45,0.55
JUCH_a120,Jupiter,Chiron,Trine,10,6,16,0.62,0.38
JUCH_a135,Jupiter,Chiron,SesquiSquare,34,37,71,0.48,0.52
JUCH_a144,Jupiter,Chiron,BiQuintile,6,10,16,0.38,0.62
JUCH_a150,Jupiter,Chiron,Quincunx,40,58,98,0.41,0.59
JUCH_a60,Jupiter,Chiron,Sextile,13,7,20,0.65,0.35
JUCH_a72,Jupiter,Chiron,Quintile,68,60,128,0.53,0.47
JUCH_a90,Jupiter,Chiron,Square,11,7,18,0.61,0.39
JUNE_a103,Jupiter,Neptune,BiSeptile,11,7,18,0.61,0.39
JUNE_a120,Jupiter,Neptune,Trine,36,50,86,0.42,0.58
JUNE_a135,Jupiter,Neptune,SesquiSquare,9,8,17,0.53,0.47
JUNE_a144,Jupiter,Neptune,BiQuintile,29,42,71,0.41,0.59
JUNE_a150,Jupiter,Neptune,Quincunx,47,40,87,0.54,0.46
JUNE_a45,Jupiter,Neptune,SemiSquare,13,6,19,0.68,0.32
JUNE_a60,Jupiter,Neptune,Sextile,47,62,109,0.43,0.57
JUNE_a72,Jupiter,Neptune,Quintile,11,8,19,0.58,0.42
JUNE_a90,Jupiter,Neptune,Square,43,44,87,0.49,0.51
JUNN_a103,Jupiter,NNode,BiSeptile,9,13,22,0.41,0.59
JUNN_a120,Jupiter,NNode,Trine,10,5,15,0.67,0.33
JUNN_a135,Jupiter,NNode,SesquiSquare,14,16,30,0.47,0.53
JUNN_a144,Jupiter,NNode,BiQuintile,18,17,35,0.51,0.49
JUNN_a150,Jupiter,NNode,Quincunx,87,89,176,0.49,0.51
JUNN_a180,Jupiter,NNode,Opposition,10,5,15,0.67,0.33
JUNN_a30,Jupiter,NNode,SemiSextile,1,0,1,1,0
JUNN_a36,Jupiter,NNode,SemiQuintile,5,12,17,0.29,0.71
JUNN_a45,Jupiter,NNode,SemiSquare,58,48,106,0.55,0.45
JUNN_a60,Jupiter,NNode,Sextile,6,11,17,0.35,0.65
JUNN_a72,Jupiter,NNode,Quintile,6,9,15,0.4,0.6
JUNN_a90,Jupiter,NNode,Square,10,8,18,0.56,0.44
JUPH_a0,Jupiter,Pholus,Conjunction,14,7,21,0.67,0.33
JUPH_a30,Jupiter,Pholus,SemiSextile,26,16,42,0.62,0.38
JUPH_a36,Jupiter,Pholus,SemiQuintile,22,23,45,0.49,0.51
JUPH_a45,Jupiter,Pholus,SemiSquare,52,68,120,0.43,0.57
JUPH_a60,Jupiter,Pholus,Sextile,10,11,21,0.48,0.52
JUPH_a72,Jupiter,Pholus,Quintile,41,54,95,0.43,0.57
JUPL_a0,Jupiter,Pluto,Conjunction,63,55,118,0.53,0.47
JUPL_a30,Jupiter,Pluto,SemiSextile,66,64,130,0.51,0.49
JUPL_a36,Jupiter,Pluto,SemiQuintile,49,69,118,0.42,0.58
JUPL_a45,Jupiter,Pluto,SemiSquare,6,15,21,0.29,0.71
JUPL_a60,Jupiter,Pluto,Sextile,50,57,107,0.47,0.53
JUPL_a72,Jupiter,Pluto,Quintile,13,8,21,0.62,0.38
JUPL_a90,Jupiter,Pluto,Square,34,51,85,0.4,0.6
JUSA_a0,Jupiter,Saturn,Conjunction,20,17,37,0.54,0.46
JUSA_a30,Jupiter,Saturn,SemiSextile,74,86,160,0.46,0.54
JUSA_a36,Jupiter,Saturn,SemiQuintile,16,15,31,0.52,0.48
JUSA_a45,Jupiter,Saturn,SemiSquare,69,87,156,0.44,0.56
JUSA_a60,Jupiter,Saturn,Sextile,42,66,108,0.39,0.61
JUSA_a72,Jupiter,Saturn,Quintile,42,34,76,0.55,0.45
JUSN_a0,Jupiter,SNode,Conjunction,10,5,15,0.67,0.33
JUSN_a103,Jupiter,SNode,BiSeptile,10,5,15,0.67,0.33
JUSN_a120,Jupiter,SNode,Trine,6,11,17,0.35,0.65
JUSN_a135,Jupiter,SNode,SesquiSquare,58,48,106,0.55,0.45
JUSN_a144,Jupiter,SNode,BiQuintile,5,12,17,0.29,0.71
JUSN_a150,Jupiter,SNode,Quincunx,1,0,1,1,0
JUSN_a30,Jupiter,SNode,SemiSextile,87,89,176,0.49,0.51
JUSN_a36,Jupiter,SNode,SemiQuintile,18,17,35,0.51,0.49
JUSN_a45,Jupiter,SNode,SemiSquare,14,16,30,0.47,0.53
JUSN_a60,Jupiter,SNode,Sextile,10,5,15,0.67,0.33
JUSN_a72,Jupiter,SNode,Quintile,10,8,18,0.56,0.44
JUSN_a90,Jupiter,SNode,Square,10,8,18,0.56,0.44
JUUR_a103,Jupiter,Uranus,BiSeptile,38,49,87,0.44,0.56
JUUR_a120,Jupiter,Uranus,Trine,12,4,16,0.75,0.25
JUUR_a135,Jupiter,Uranus,SesquiSquare,35,30,65,0.54,0.46
JUUR_a144,Jupiter,Uranus,BiQuintile,10,21,31,0.32,0.68
JUUR_a150,Jupiter,Uranus,Quincunx,10,6,16,0.62,0.38
JUUR_a180,Jupiter,Uranus,Opposition,39,59,98,0.4,0.6
JUUR_a90,Jupiter,Uranus,Square,11,7,18,0.61,0.39
MACE_a0,Mars,Ceres,Conjunction,10,12,22,0.45,0.55
MACE_a103,Mars,Ceres,BiSeptile,4,8,12,0.33,0.67
MACE_a120,Mars,Ceres,Trine,14,30,44,0.32,0.68
MACE_a135,Mars,Ceres,SesquiSquare,16,14,30,0.53,0.47
MACE_a144,Mars,Ceres,BiQuintile,16,13,29,0.55,0.45
MACE_a150,Mars,Ceres,Quincunx,12,18,30,0.4,0.6
MACE_a180,Mars,Ceres,Opposition,2,4,6,0.33,0.67
MACE_a30,Mars,Ceres,SemiSextile,13,32,45,0.29,0.71
MACE_a36,Mars,Ceres,SemiQuintile,23,23,46,0.5,0.5
MACE_a45,Mars,Ceres,SemiSquare,62,52,114,0.54,0.46
MACE_a60,Mars,Ceres,Sextile,14,15,29,0.48,0.52
MACE_a72,Mars,Ceres,Quintile,12,13,25,0.48,0.52
MACE_a90,Mars,Ceres,Square,7,11,18,0.39,0.61
MACH_a0,Mars,Chiron,Conjunction,8,11,19,0.42,0.58
MACH_a103,Mars,Chiron,BiSeptile,19,9,28,0.68,0.32
MACH_a120,Mars,Chiron,Trine,15,12,27,0.56,0.44
MACH_a135,Mars,Chiron,SesquiSquare,14,12,26,0.54,0.46
MACH_a144,Mars,Chiron,BiQuintile,12,13,25,0.48,0.52
MACH_a150,Mars,Chiron,Quincunx,9,16,25,0.36,0.64
MACH_a180,Mars,Chiron,Opposition,7,6,13,0.54,0.46
MACH_a30,Mars,Chiron,SemiSextile,19,23,42,0.45,0.55
MACH_a36,Mars,Chiron,SemiQuintile,22,21,43,0.51,0.49
MACH_a45,Mars,Chiron,SemiSquare,15,20,35,0.43,0.57
MACH_a60,Mars,Chiron,Sextile,29,40,69,0.42,0.58
MACH_a72,Mars,Chiron,Quintile,15,14,29,0.52,0.48
MACH_a90,Mars,Chiron,Square,11,17,28,0.39,0.61
MAJN_a0,Mars,Juno,Conjunction,7,17,24,0.29,0.71
MAJN_a103,Mars,Juno,BiSeptile,11,27,38,0.29,0.71
MAJN_a120,Mars,Juno,Trine,7,13,20,0.35,0.65
MAJN_a135,Mars,Juno,SesquiSquare,11,7,18,0.61,0.39
MAJN_a144,Mars,Juno,BiQuintile,46,34,80,0.57,0.42
MAJN_a150,Mars,Juno,Quincunx,17,18,35,0.49,0.51
MAJN_a180,Mars,Juno,Opposition,14,15,29,0.48,0.52
MAJN_a30,Mars,Juno,SemiSextile,14,11,25,0.56,0.44
MAJN_a36,Mars,Juno,SemiQuintile,7,13,20,0.35,0.65
MAJN_a45,Mars,Juno,SemiSquare,8,8,16,0.5,0.5
MAJN_a60,Mars,Juno,Sextile,11,11,22,0.5,0.5
MAJN_a72,Mars,Juno,Quintile,21,52,73,0.29,0.71
MAJN_a90,Mars,Juno,Square,19,23,42,0.45,0.55
MAJU_a0,Mars,Jupiter,Conjunction,9,6,15,0.6,0.4
MAJU_a103,Mars,Jupiter,BiSeptile,16,10,26,0.62,0.38
MAJU_a120,Mars,Jupiter,Trine,7,20,27,0.26,0.74
MAJU_a135,Mars,Jupiter,SesquiSquare,10,14,24,0.42,0.58
MAJU_a144,Mars,Jupiter,BiQuintile,9,15,24,0.38,0.62
MAJU_a150,Mars,Jupiter,Quincunx,11,12,23,0.48,0.52
MAJU_a180,Mars,Jupiter,Opposition,5,6,11,0.45,0.55
MAJU_a30,Mars,Jupiter,SemiSextile,14,19,33,0.42,0.58
MAJU_a36,Mars,Jupiter,SemiQuintile,17,15,32,0.53,0.47
MAJU_a45,Mars,Jupiter,SemiSquare,19,11,30,0.63,0.37
MAJU_a60,Mars,Jupiter,Sextile,13,18,31,0.42,0.58
MAJU_a72,Mars,Jupiter,Quintile,37,40,77,0.48,0.52
MAJU_a90,Mars,Jupiter,Square,23,34,57,0.4,0.6
MANE_a0,Mars,Neptune,Conjunction,9,11,20,0.45,0.55
MANE_a103,Mars,Neptune,BiSeptile,18,10,28,0.64,0.36
MANE_a120,Mars,Neptune,Trine,19,8,27,0.7,0.3
MANE_a135,Mars,Neptune,SesquiSquare,12,14,26,0.46,0.54
MANE_a144,Mars,Neptune,BiQuintile,14,13,27,0.52,0.48
MANE_a150,Mars,Neptune,Quincunx,12,13,25,0.48,0.52
MANE_a180,Mars,Neptune,Opposition,10,2,12,0.83,0.17
MANE_a30,Mars,Neptune,SemiSextile,34,41,75,0.45,0.55
MANE_a36,Mars,Neptune,SemiQuintile,44,58,102,0.43,0.57
MANE_a45,Mars,Neptune,SemiSquare,40,52,92,0.43,0.57
MANE_a60,Mars,Neptune,Sextile,14,14,28,0.5,0.5
MANE_a72,Mars,Neptune,Quintile,14,14,28,0.5,0.5
MANE_a90,Mars,Neptune,Square,12,15,27,0.44,0.56
MANN_a0,Mars,NNode,Conjunction,11,2,13,0.85,0.15
MANN_a103,Mars,NNode,BiSeptile,8,22,30,0.27,0.73
MANN_a120,Mars,NNode,Trine,14,15,29,0.48,0.52
MANN_a135,Mars,NNode,SesquiSquare,11,21,32,0.34,0.66
MANN_a144,Mars,NNode,BiQuintile,10,25,35,0.29,0.71
MANN_a150,Mars,NNode,Quincunx,17,16,33,0.52,0.48
MANN_a180,Mars,NNode,Opposition,36,40,76,0.47,0.53
MANN_a30,Mars,NNode,SemiSextile,10,14,24,0.42,0.58
MANN_a36,Mars,NNode,SemiQuintile,10,21,31,0.32,0.68
MANN_a45,Mars,NNode,SemiSquare,15,17,32,0.47,0.53
MANN_a60,Mars,NNode,Sextile,37,28,65,0.57,0.43
MANN_a72,Mars,NNode,Quintile,14,19,33,0.42,0.58
MANN_a90,Mars,NNode,Square,16,14,30,0.53,0.47
MAPA_a0,Mars,Pallas,Conjunction,5,13,18,0.28,0.72
MAPA_a103,Mars,Pallas,BiSeptile,22,18,40,0.55,0.45
MAPA_a120,Mars,Pallas,Trine,6,3,9,0.67,0.33
MAPA_a135,Mars,Pallas,SesquiSquare,6,4,10,0.6,0.4
MAPA_a144,Mars,Pallas,BiQuintile,68,75,143,0.48,0.52
MAPA_a150,Mars,Pallas,Quincunx,23,41,64,0.36,0.64
MAPA_a180,Mars,Pallas,Opposition,9,8,17,0.53,0.47
MAPA_a30,Mars,Pallas,SemiSextile,18,16,34,0.53,0.47
MAPA_a36,Mars,Pallas,SemiQuintile,11,24,35,0.31,0.69
MAPA_a45,Mars,Pallas,SemiSquare,14,21,35,0.4,0.6
MAPA_a60,Mars,Pallas,Sextile,10,20,30,0.33,0.67
MAPA_a72,Mars,Pallas,Quintile,13,14,27,0.48,0.52
MAPA_a90,Mars,Pallas,Square,18,14,32,0.56,0.44
MAPH_a0,Mars,Pholus,Conjunction,6,9,15,0.4,0.6
MAPH_a103,Mars,Pholus,BiSeptile,44,25,69,0.64,0.36
MAPH_a120,Mars,Pholus,Trine,15,19,34,0.44,0.56
MAPH_a135,Mars,Pholus,SesquiSquare,15,10,25,0.6,0.4
MAPH_a144,Mars,Pholus,BiQuintile,11,15,26,0.42,0.58
MAPH_a150,Mars,Pholus,Quincunx,13,12,25,0.52,0.48
MAPH_a180,Mars,Pholus,Opposition,6,6,12,0.5,0.5
MAPH_a30,Mars,Pholus,SemiSextile,33,32,65,0.51,0.49
MAPH_a36,Mars,Pholus,SemiQuintile,31,37,68,0.46,0.54
MAPH_a45,Mars,Pholus,SemiSquare,24,11,35,0.69,0.31
MAPH_a60,Mars,Pholus,Sextile,11,22,33,0.33,0.67
MAPH_a72,Mars,Pholus,Quintile,14,19,33,0.42,0.58
MAPH_a90,Mars,Pholus,Square,7,27,34,0.21,0.79
MAPL_a0,Mars,Pluto,Conjunction,7,8,15,0.47,0.53
MAPL_a103,Mars,Pluto,BiSeptile,16,18,34,0.47,0.53
MAPL_a120,Mars,Pluto,Trine,9,17,26,0.35,0.65
MAPL_a135,Mars,Pluto,SesquiSquare,13,14,27,0.48,0.52
MAPL_a144,Mars,Pluto,BiQuintile,8,18,26,0.31,0.69
MAPL_a150,Mars,Pluto,Quincunx,12,15,27,0.44,0.56
MAPL_a180,Mars,Pluto,Opposition,6,7,13,0.46,0.54
MAPL_a30,Mars,Pluto,SemiSextile,11,22,33,0.33,0.67
MAPL_a36,Mars,Pluto,SemiQuintile,20,13,33,0.61,0.39
MAPL_a45,Mars,Pluto,SemiSquare,18,13,31,0.58,0.42
MAPL_a60,Mars,Pluto,Sextile,16,17,33,0.48,0.52
MAPL_a72,Mars,Pluto,Quintile,18,15,33,0.55,0.45
MAPL_a90,Mars,Pluto,Square,28,30,58,0.48,0.52
MASA_a0,Mars,Saturn,Conjunction,8,7,15,0.53,0.47
MASA_a103,Mars,Saturn,BiSeptile,10,17,27,0.37,0.63
MASA_a120,Mars,Saturn,Trine,14,12,26,0.54,0.46
MASA_a135,Mars,Saturn,SesquiSquare,12,12,24,0.5,0.5
MASA_a144,Mars,Saturn,BiQuintile,9,16,25,0.36,0.64
MASA_a150,Mars,Saturn,Quincunx,11,14,25,0.44,0.56
MASA_a180,Mars,Saturn,Opposition,10,2,12,0.83,0.17
MASA_a30,Mars,Saturn,SemiSextile,35,36,71,0.49,0.51
MASA_a36,Mars,Saturn,SemiQuintile,17,14,31,0.55,0.45
MASA_a45,Mars,Saturn,SemiSquare,18,20,38,0.47,0.53
MASA_a60,Mars,Saturn,Sextile,11,26,37,0.3,0.7
MASA_a72,Mars,Saturn,Quintile,22,16,38,0.58,0.42
MASA_a90,Mars,Saturn,Square,35,38,73,0.48,0.52
MASN_a0,Mars,SNode,Conjunction,36,40,76,0.47,0.53
MASN_a103,Mars,SNode,BiSeptile,12,18,30,0.4,0.6
MASN_a120,Mars,SNode,Trine,37,28,65,0.57,0.43
MASN_a135,Mars,SNode,SesquiSquare,15,17,32,0.47,0.53
MASN_a144,Mars,SNode,BiQuintile,10,21,31,0.32,0.68
MASN_a150,Mars,SNode,Quincunx,10,14,24,0.42,0.58
MASN_a180,Mars,SNode,Opposition,11,2,13,0.85,0.15
MASN_a30,Mars,SNode,SemiSextile,17,16,33,0.52,0.48
MASN_a36,Mars,SNode,SemiQuintile,10,25,35,0.29,0.71
MASN_a45,Mars,SNode,SemiSquare,11,21,32,0.34,0.66
MASN_a60,Mars,SNode,Sextile,14,15,29,0.48,0.52
MASN_a72,Mars,SNode,Quintile,12,18,30,0.4,0.6
MASN_a90,Mars,SNode,Square,16,14,30,0.53,0.47
MAUR_a0,Mars,Uranus,Conjunction,11,10,21,0.52,0.48
MAUR_a103,Mars,Uranus,BiSeptile,17,13,30,0.57,0.43
MAUR_a120,Mars,Uranus,Trine,8,20,28,0.29,0.71
MAUR_a135,Mars,Uranus,SesquiSquare,18,7,25,0.72,0.28
MAUR_a144,Mars,Uranus,BiQuintile,12,15,27,0.44,0.56
MAUR_a150,Mars,Uranus,Quincunx,14,12,26,0.54,0.46
MAUR_a180,Mars,Uranus,Opposition,5,8,13,0.38,0.62
MAUR_a30,Mars,Uranus,SemiSextile,18,16,34,0.53,0.47
MAUR_a36,Mars,Uranus,SemiQuintile,16,17,33,0.48,0.52
MAUR_a45,Mars,Uranus,SemiSquare,12,20,32,0.38,0.62
MAUR_a60,Mars,Uranus,Sextile,18,15,33,0.55,0.45
MAUR_a72,Mars,Uranus,Quintile,15,17,32,0.47,0.53
MAUR_a90,Mars,Uranus,Square,29,32,61,0.48,0.52
MAVS_a0,Mars,Vesta,Conjunction,7,13,20,0.35,0.65
MAVS_a103,Mars,Vesta,BiSeptile,16,27,43,0.37,0.63
MAVS_a120,Mars,Vesta,Trine,13,16,29,0.45,0.55
MAVS_a135,Mars,Vesta,SesquiSquare,11,25,36,0.31,0.69
MAVS_a144,Mars,Vesta,BiQuintile,27,25,52,0.52,0.48
MAVS_a150,Mars,Vesta,Quincunx,9,8,17,0.53,0.47
MAVS_a180,Mars,Vesta,Opposition,6,7,13,0.46,0.54
MAVS_a30,Mars,Vesta,SemiSextile,27,29,56,0.48,0.52
MAVS_a36,Mars,Vesta,SemiQuintile,29,40,69,0.42,0.58
MAVS_a45,Mars,Vesta,SemiSquare,34,25,59,0.58,0.42
MAVS_a60,Mars,Vesta,Sextile,19,13,32,0.59,0.41
MAVS_a72,Mars,Vesta,Quintile,16,10,26,0.62,0.38
MAVS_a90,Mars,Vesta,Square,8,10,18,0.44,0.56
MECE_a0,Mercury,Ceres,Conjunction,8,1,9,0.89,0.11
MECE_a103,Mercury,Ceres,BiSeptile,17,22,39,0.44,0.56
MECE_a120,Mercury,Ceres,Trine,38,47,85,0.45,0.55
MECE_a135,Mercury,Ceres,SesquiSquare,7,11,18,0.39,0.61
MECE_a144,Mercury,Ceres,BiQuintile,7,10,17,0.41,0.59
MECE_a150,Mercury,Ceres,Quincunx,8,6,14,0.57,0.43
MECE_a180,Mercury,Ceres,Opposition,5,2,7,0.71,0.29
MECE_a30,Mercury,Ceres,SemiSextile,33,38,71,0.46,0.54
MECE_a36,Mercury,Ceres,SemiQuintile,40,52,92,0.43,0.57
MECE_a45,Mercury,Ceres,SemiSquare,20,19,39,0.51,0.49
MECE_a60,Mercury,Ceres,Sextile,16,17,33,0.48,0.52
MECE_a72,Mercury,Ceres,Quintile,9,11,20,0.45,0.55
MECE_a90,Mercury,Ceres,Square,9,14,23,0.39,0.61
MECH_a0,Mercury,Chiron,Conjunction,6,12,18,0.33,0.67
MECH_a103,Mercury,Chiron,BiSeptile,20,17,37,0.54,0.46
MECH_a120,Mercury,Chiron,Trine,13,33,46,0.28,0.72
MECH_a135,Mercury,Chiron,SesquiSquare,19,22,41,0.46,0.54
MECH_a144,Mercury,Chiron,BiQuintile,15,16,31,0.48,0.52
MECH_a150,Mercury,Chiron,Quincunx,16,24,40,0.4,0.6
MECH_a180,Mercury,Chiron,Opposition,9,0,9,1,0
MECH_a30,Mercury,Chiron,SemiSextile,24,21,45,0.53,0.47
MECH_a36,Mercury,Chiron,SemiQuintile,17,31,48,0.35,0.65
MECH_a45,Mercury,Chiron,SemiSquare,12,14,26,0.46,0.54
MECH_a60,Mercury,Chiron,Sextile,13,10,23,0.57,0.43
MECH_a72,Mercury,Chiron,Quintile,15,19,34,0.44,0.56
MECH_a90,Mercury,Chiron,Square,22,24,46,0.48,0.52
MEJN_a0,Mercury,Juno,Conjunction,13,11,24,0.54,0.46
MEJN_a103,Mercury,Juno,BiSeptile,27,20,47,0.57,0.43
MEJN_a120,Mercury,Juno,Trine,15,12,27,0.56,0.44
MEJN_a135,Mercury,Juno,SesquiSquare,11,16,27,0.41,0.59
MEJN_a144,Mercury,Juno,BiQuintile,6,12,18,0.33,0.67
MEJN_a150,Mercury,Juno,Quincunx,9,6,15,0.6,0.4
MEJN_a180,Mercury,Juno,Opposition,3,4,7,0.43,0.57
MEJN_a30,Mercury,Juno,SemiSextile,16,36,52,0.31,0.69
MEJN_a36,Mercury,Juno,SemiQuintile,26,26,52,0.5,0.5
MEJN_a45,Mercury,Juno,SemiSquare,18,21,39,0.46,0.54
MEJN_a60,Mercury,Juno,Sextile,22,10,32,0.69,0.31
MEJN_a72,Mercury,Juno,Quintile,22,19,41,0.54,0.46
MEJN_a90,Mercury,Juno,Square,22,27,49,0.45,0.55
MEJU_a0,Mercury,Jupiter,Conjunction,12,8,20,0.6,0.4
MEJU_a103,Mercury,Jupiter,BiSeptile,6,16,22,0.27,0.73
MEJU_a120,Mercury,Jupiter,Trine,7,13,20,0.35,0.65
MEJU_a135,Mercury,Jupiter,SesquiSquare,25,26,51,0.49,0.51
MEJU_a144,Mercury,Jupiter,BiQuintile,18,14,32,0.56,0.44
MEJU_a150,Mercury,Jupiter,Quincunx,9,12,21,0.43,0.57
MEJU_a180,Mercury,Jupiter,Opposition,5,5,10,0.5,0.5
MEJU_a30,Mercury,Jupiter,SemiSextile,21,21,42,0.5,0.5
MEJU_a36,Mercury,Jupiter,SemiQuintile,29,31,60,0.48,0.52
MEJU_a45,Mercury,Jupiter,SemiSquare,28,41,69,0.41,0.59
MEJU_a60,Mercury,Jupiter,Sextile,12,11,23,0.52,0.48
MEJU_a72,Mercury,Jupiter,Quintile,16,25,41,0.39,0.61
MEJU_a90,Mercury,Jupiter,Square,21,18,39,0.54,0.46
MEMA_a0,Mercury,Mars,Conjunction,16,14,30,0.53,0.47
MEMA_a103,Mercury,Mars,BiSeptile,19,29,48,0.4,0.6
MEMA_a120,Mercury,Mars,Trine,8,5,13,0.62,0.38
MEMA_a135,Mercury,Mars,SesquiSquare,5,6,11,0.45,0.55
MEMA_a144,Mercury,Mars,BiQuintile,3,8,11,0.27,0.73
MEMA_a150,Mercury,Mars,Quincunx,4,7,11,0.36,0.64
MEMA_a180,Mercury,Mars,Opposition,2,4,6,0.33,0.67
MEMA_a30,Mercury,Mars,SemiSextile,19,23,42,0.45,0.55
MEMA_a36,Mercury,Mars,SemiQuintile,27,17,44,0.61,0.39
MEMA_a45,Mercury,Mars,SemiSquare,42,41,83,0.51,0.49
MEMA_a60,Mercury,Mars,Sextile,25,21,46,0.54,0.46
MEMA_a72,Mercury,Mars,Quintile,31,24,55,0.56,0.44
MEMA_a90,Mercury,Mars,Square,26,15,41,0.63,0.37
MENE_a0,Mercury,Neptune,Conjunction,18,11,29,0.62,0.38
MENE_a103,Mercury,Neptune,BiSeptile,18,23,41,0.44,0.56
MENE_a120,Mercury,Neptune,Trine,18,13,31,0.58,0.42
MENE_a135,Mercury,Neptune,SesquiSquare,20,29,49,0.41,0.59
MENE_a144,Mercury,Neptune,BiQuintile,9,19,28,0.32,0.68
MENE_a150,Mercury,Neptune,Quincunx,12,22,34,0.35,0.65
MENE_a180,Mercury,Neptune,Opposition,7,7,14,0.5,0.5
MENE_a30,Mercury,Neptune,SemiSextile,21,19,40,0.52,0.48
MENE_a36,Mercury,Neptune,SemiQuintile,7,19,26,0.27,0.73
MENE_a45,Mercury,Neptune,SemiSquare,20,17,37,0.54,0.46
MENE_a60,Mercury,Neptune,Sextile,11,24,35,0.31,0.69
MENE_a72,Mercury,Neptune,Quintile,16,24,40,0.4,0.6
MENE_a90,Mercury,Neptune,Square,24,19,43,0.56,0.44
MENN_a0,Mercury,NNode,Conjunction,11,2,13,0.85,0.15
MENN_a103,Mercury,NNode,BiSeptile,16,11,27,0.59,0.41
MENN_a120,Mercury,NNode,Trine,41,74,115,0.36,0.64
MENN_a135,Mercury,NNode,SesquiSquare,35,22,57,0.61,0.39
MENN_a144,Mercury,NNode,BiQuintile,15,12,27,0.56,0.44
MENN_a150,Mercury,NNode,Quincunx,8,17,25,0.32,0.68
MENN_a180,Mercury,NNode,Opposition,10,3,13,0.77,0.23
MENN_a30,Mercury,NNode,SemiSextile,9,10,19,0.47,0.53
MENN_a36,Mercury,NNode,SemiQuintile,7,10,17,0.41,0.59
MENN_a45,Mercury,NNode,SemiSquare,3,14,17,0.18,0.82
MENN_a60,Mercury,NNode,Sextile,12,4,16,0.75,0.25
MENN_a72,Mercury,NNode,Quintile,7,13,20,0.35,0.65
MENN_a90,Mercury,NNode,Square,7,17,24,0.29,0.71
MEPA_a0,Mercury,Pallas,Conjunction,14,24,38,0.37,0.63
MEPA_a103,Mercury,Pallas,BiSeptile,9,16,25,0.36,0.64
MEPA_a120,Mercury,Pallas,Trine,16,24,40,0.4,0.6
MEPA_a135,Mercury,Pallas,SesquiSquare,10,4,14,0.71,0.29
MEPA_a144,Mercury,Pallas,BiQuintile,16,17,33,0.48,0.52
MEPA_a150,Mercury,Pallas,Quincunx,18,13,31,0.58,0.42
MEPA_a180,Mercury,Pallas,Opposition,3,4,7,0.43,0.57
MEPA_a30,Mercury,Pallas,SemiSextile,18,20,38,0.47,0.53
MEPA_a36,Mercury,Pallas,SemiQuintile,13,10,23,0.57,0.43
MEPA_a45,Mercury,Pallas,SemiSquare,22,46,68,0.32,0.68
MEPA_a60,Mercury,Pallas,Sextile,24,41,65,0.37,0.63
MEPA_a72,Mercury,Pallas,Quintile,25,24,49,0.51,0.49
MEPA_a90,Mercury,Pallas,Square,8,14,22,0.36,0.64
MEPH_a0,Mercury,Pholus,Conjunction,14,23,37,0.38,0.62
MEPH_a103,Mercury,Pholus,BiSeptile,16,22,38,0.42,0.58
MEPH_a120,Mercury,Pholus,Trine,13,18,31,0.42,0.58
MEPH_a135,Mercury,Pholus,SesquiSquare,15,23,38,0.39,0.61
MEPH_a144,Mercury,Pholus,BiQuintile,8,11,19,0.42,0.58
MEPH_a150,Mercury,Pholus,Quincunx,15,19,34,0.44,0.56
MEPH_a180,Mercury,Pholus,Opposition,5,5,10,0.5,0.5
MEPH_a30,Mercury,Pholus,SemiSextile,15,27,42,0.36,0.64
MEPH_a36,Mercury,Pholus,SemiQuintile,16,23,39,0.41,0.59
MEPH_a45,Mercury,Pholus,SemiSquare,23,13,36,0.64,0.36
MEPH_a60,Mercury,Pholus,Sextile,19,23,42,0.45,0.55
MEPH_a72,Mercury,Pholus,Quintile,15,16,31,0.48,0.52
MEPH_a90,Mercury,Pholus,Square,11,7,18,0.61,0.39
MEPL_a0,Mercury,Pluto,Conjunction,14,7,21,0.67,0.33
MEPL_a103,Mercury,Pluto,BiSeptile,16,19,35,0.46,0.54
MEPL_a120,Mercury,Pluto,Trine,10,10,20,0.5,0.5
MEPL_a135,Mercury,Pluto,SesquiSquare,14,14,28,0.5,0.5
MEPL_a144,Mercury,Pluto,BiQuintile,11,11,22,0.5,0.5
MEPL_a150,Mercury,Pluto,Quincunx,14,19,33,0.42,0.58
MEPL_a180,Mercury,Pluto,Opposition,5,6,11,0.45,0.55
MEPL_a30,Mercury,Pluto,SemiSextile,24,21,45,0.53,0.47
MEPL_a36,Mercury,Pluto,SemiQuintile,32,29,61,0.52,0.48
MEPL_a45,Mercury,Pluto,SemiSquare,25,16,41,0.61,0.39
MEPL_a60,Mercury,Pluto,Sextile,16,28,44,0.36,0.64
MEPL_a72,Mercury,Pluto,Quintile,20,22,42,0.48,0.52
MEPL_a90,Mercury,Pluto,Square,4,15,19,0.21,0.79
MESA_a0,Mercury,Saturn,Conjunction,18,11,29,0.62,0.38
MESA_a103,Mercury,Saturn,BiSeptile,16,18,34,0.47,0.53
MESA_a120,Mercury,Saturn,Trine,18,19,37,0.49,0.51
MESA_a135,Mercury,Saturn,SesquiSquare,16,18,34,0.47,0.53
MESA_a144,Mercury,Saturn,BiQuintile,9,12,21,0.43,0.57
MESA_a150,Mercury,Saturn,Quincunx,13,10,23,0.57,0.43
MESA_a180,Mercury,Saturn,Opposition,5,4,9,0.56,0.44
MESA_a30,Mercury,Saturn,SemiSextile,22,29,51,0.43,0.57
MESA_a36,Mercury,Saturn,SemiQuintile,19,24,43,0.44,0.56
MESA_a45,Mercury,Saturn,SemiSquare,18,19,37,0.49,0.51
MESA_a60,Mercury,Saturn,Sextile,22,19,41,0.54,0.46
MESA_a72,Mercury,Saturn,Quintile,15,20,35,0.43,0.57
MESA_a90,Mercury,Saturn,Square,25,19,44,0.57,0.43
MESN_a0,Mercury,SNode,Conjunction,10,3,13,0.77,0.23
MESN_a103,Mercury,SNode,BiSeptile,8,12,20,0.4,0.6
MESN_a120,Mercury,SNode,Trine,12,4,16,0.75,0.25
MESN_a135,Mercury,SNode,SesquiSquare,3,14,17,0.18,0.82
MESN_a144,Mercury,SNode,BiQuintile,7,10,17,0.41,0.59
MESN_a150,Mercury,SNode,Quincunx,9,10,19,0.47,0.53
MESN_a180,Mercury,SNode,Opposition,11,2,13,0.85,0.15
MESN_a30,Mercury,SNode,SemiSextile,8,17,25,0.32,0.68
MESN_a36,Mercury,SNode,SemiQuintile,15,12,27,0.56,0.44
MESN_a45,Mercury,SNode,SemiSquare,35,22,57,0.61,0.39
MESN_a60,Mercury,SNode,Sextile,41,74,115,0.36,0.64
MESN_a72,Mercury,SNode,Quintile,8,22,30,0.27,0.73
MESN_a90,Mercury,SNode,Square,7,17,24,0.29,0.71
MESU_a0,Mercury,Sun,Conjunction,41,51,92,0.45,0.55
MEUR_a0,Mercury,Uranus,Conjunction,14,16,30,0.47,0.53
MEUR_a103,Mercury,Uranus,BiSeptile,21,23,44,0.48,0.52
MEUR_a120,Mercury,Uranus,Trine,22,25,47,0.47,0.53
MEUR_a135,Mercury,Uranus,SesquiSquare,14,21,35,0.4,0.6
MEUR_a144,Mercury,Uranus,BiQuintile,25,7,32,0.78,0.22
MEUR_a150,Mercury,Uranus,Quincunx,18,21,39,0.46,0.54
MEUR_a180,Mercury,Uranus,Opposition,12,12,24,0.5,0.5
MEUR_a30,Mercury,Uranus,SemiSextile,9,21,30,0.3,0.7
MEUR_a36,Mercury,Uranus,SemiQuintile,13,14,27,0.48,0.52
MEUR_a45,Mercury,Uranus,SemiSquare,23,11,34,0.68,0.32
MEUR_a60,Mercury,Uranus,Sextile,22,22,44,0.5,0.5
MEUR_a72,Mercury,Uranus,Quintile,21,11,32,0.66,0.34
MEUR_a90,Mercury,Uranus,Square,14,19,33,0.42,0.58
MEVE_a0,Mercury,Venus,Conjunction,18,17,35,0.51,0.49
MEVE_a30,Mercury,Venus,SemiSextile,64,76,140,0.46,0.54
MEVE_a36,Mercury,Venus,SemiQuintile,48,57,105,0.46,0.54
MEVE_a45,Mercury,Venus,SemiSquare,34,43,77,0.44,0.56
MEVE_a60,Mercury,Venus,Sextile,25,29,54,0.46,0.54
MEVE_a72,Mercury,Venus,Quintile,17,19,36,0.47,0.53
MEVS_a0,Mercury,Vesta,Conjunction,15,29,44,0.34,0.66
MEVS_a103,Mercury,Vesta,BiSeptile,15,13,28,0.54,0.46
MEVS_a120,Mercury,Vesta,Trine,16,20,36,0.44,0.56
MEVS_a135,Mercury,Vesta,SesquiSquare,9,11,20,0.45,0.55
MEVS_a144,Mercury,Vesta,BiQuintile,8,11,19,0.42,0.58
MEVS_a150,Mercury,Vesta,Quincunx,14,21,35,0.4,0.6
MEVS_a180,Mercury,Vesta,Opposition,7,10,17,0.41,0.59
MEVS_a30,Mercury,Vesta,SemiSextile,11,18,29,0.38,0.62
MEVS_a36,Mercury,Vesta,SemiQuintile,13,14,27,0.48,0.52
MEVS_a45,Mercury,Vesta,SemiSquare,17,20,37,0.46,0.54
MEVS_a60,Mercury,Vesta,Sextile,17,17,34,0.5,0.5
MEVS_a72,Mercury,Vesta,Quintile,28,19,47,0.6,0.4
MEVS_a90,Mercury,Vesta,Square,19,20,39,0.49,0.51
MOCE_a0,Moon,Ceres,Conjunction,23,32,55,0.42,0.58
MOCE_a103,Moon,Ceres,BiSeptile,51,63,114,0.45,0.55
MOCE_a120,Moon,Ceres,Trine,58,59,117,0.5,0.5
MOCE_a135,Moon,Ceres,SesquiSquare,54,63,117,0.46,0.54
MOCE_a144,Moon,Ceres,BiQuintile,54,64,118,0.46,0.54
MOCE_a150,Moon,Ceres,Quincunx,60,54,114,0.53,0.47
MOCE_a180,Moon,Ceres,Opposition,29,27,56,0.52,0.48
MOCE_a30,Moon,Ceres,SemiSextile,57,56,113,0.5,0.5
MOCE_a36,Moon,Ceres,SemiQuintile,57,55,112,0.51,0.49
MOCE_a45,Moon,Ceres,SemiSquare,55,58,113,0.49,0.51
MOCE_a60,Moon,Ceres,Sextile,52,60,112,0.46,0.54
MOCE_a72,Moon,Ceres,Quintile,42,70,112,0.38,0.62
MOCE_a90,Moon,Ceres,Square,55,58,113,0.49,0.51
MOCH_a0,Moon,Chiron,Conjunction,26,31,57,0.46,0.54
MOCH_a103,Moon,Chiron,BiSeptile,58,59,117,0.5,0.5
MOCH_a120,Moon,Chiron,Trine,56,57,113,0.5,0.5
MOCH_a135,Moon,Chiron,SesquiSquare,43,69,112,0.38,0.62
MOCH_a144,Moon,Chiron,BiQuintile,53,59,112,0.47,0.53
MOCH_a150,Moon,Chiron,Quincunx,49,63,112,0.44,0.56
MOCH_a180,Moon,Chiron,Opposition,32,24,56,0.57,0.43
MOCH_a30,Moon,Chiron,SemiSextile,63,52,115,0.55,0.45
MOCH_a36,Moon,Chiron,SemiQuintile,61,53,114,0.54,0.46
MOCH_a45,Moon,Chiron,SemiSquare,54,62,116,0.47,0.53
MOCH_a60,Moon,Chiron,Sextile,53,62,115,0.46,0.54
MOCH_a72,Moon,Chiron,Quintile,52,62,114,0.46,0.54
MOCH_a90,Moon,Chiron,Square,44,71,115,0.38,0.62
MOJN_a0,Moon,Juno,Conjunction,28,27,55,0.51,0.49
MOJN_a103,Moon,Juno,BiSeptile,59,57,116,0.51,0.49
MOJN_a120,Moon,Juno,Trine,55,58,113,0.49,0.51
MOJN_a135,Moon,Juno,SesquiSquare,52,62,114,0.46,0.54
MOJN_a144,Moon,Juno,BiQuintile,49,64,113,0.43,0.57
MOJN_a150,Moon,Juno,Quincunx,45,69,114,0.39,0.61
MOJN_a180,Moon,Juno,Opposition,26,32,58,0.45,0.55
MOJN_a30,Moon,Juno,SemiSextile,56,57,113,0.5,0.5
MOJN_a36,Moon,Juno,SemiQuintile,44,69,113,0.39,0.61
MOJN_a45,Moon,Juno,SemiSquare,44,69,113,0.39,0.61
MOJN_a60,Moon,Juno,Sextile,59,55,114,0.52,0.48
MOJN_a72,Moon,Juno,Quintile,61,55,116,0.53,0.47
MOJN_a90,Moon,Juno,Square,56,59,115,0.49,0.51
MOJU_a0,Moon,Jupiter,Conjunction,29,29,58,0.5,0.5
MOJU_a103,Moon,Jupiter,BiSeptile,51,65,116,0.44,0.56
MOJU_a120,Moon,Jupiter,Trine,53,60,113,0.47,0.53
MOJU_a135,Moon,Jupiter,SesquiSquare,52,59,111,0.47,0.53
MOJU_a144,Moon,Jupiter,BiQuintile,62,54,116,0.53,0.47
MOJU_a150,Moon,Jupiter,Quincunx,58,54,112,0.52,0.48
MOJU_a180,Moon,Jupiter,Opposition,27,30,57,0.47,0.53
MOJU_a30,Moon,Jupiter,SemiSextile,51,62,113,0.45,0.55
MOJU_a36,Moon,Jupiter,SemiQuintile,46,65,111,0.41,0.59
MOJU_a45,Moon,Jupiter,SemiSquare,57,59,116,0.49,0.51
MOJU_a60,Moon,Jupiter,Sextile,54,61,115,0.47,0.53
MOJU_a72,Moon,Jupiter,Quintile,53,64,117,0.45,0.55
MOJU_a90,Moon,Jupiter,Square,51,63,114,0.45,0.55
MOMA_a0,Moon,Mars,Conjunction,29,29,58,0.5,0.5
MOMA_a103,Moon,Mars,BiSeptile,48,61,109,0.44,0.56
MOMA_a120,Moon,Mars,Trine,50,61,111,0.45,0.55
MOMA_a135,Moon,Mars,SesquiSquare,47,65,112,0.42,0.58
MOMA_a144,Moon,Mars,BiQuintile,54,56,110,0.49,0.51
MOMA_a150,Moon,Mars,Quincunx,57,54,111,0.51,0.49
MOMA_a180,Moon,Mars,Opposition,28,31,59,0.47,0.53
MOMA_a30,Moon,Mars,SemiSextile,50,63,113,0.44,0.56
MOMA_a36,Moon,Mars,SemiQuintile,48,64,112,0.43,0.57
MOMA_a45,Moon,Mars,SemiSquare,54,59,113,0.48,0.52
MOMA_a60,Moon,Mars,Sextile,54,57,111,0.49,0.51
MOMA_a72,Moon,Mars,Quintile,48,62,110,0.44,0.56
MOMA_a90,Moon,Mars,Square,56,55,111,0.5,0.5
MOME_a0,Moon,Mercury,Conjunction,23,31,54,0.43,0.57
MOME_a103,Moon,Mercury,BiSeptile,55,57,112,0.49,0.51
MOME_a120,Moon,Mercury,Trine,52,61,113,0.46,0.54
MOME_a135,Moon,Mercury,SesquiSquare,53,58,111,0.48,0.52
MOME_a144,Moon,Mercury,BiQuintile,49,60,109,0.45,0.55
MOME_a150,Moon,Mercury,Quincunx,59,51,110,0.54,0.46
MOME_a180,Moon,Mercury,Opposition,20,34,54,0.37,0.63
MOME_a30,Moon,Mercury,SemiSextile,51,56,107,0.48,0.52
MOME_a36,Moon,Mercury,SemiQuintile,45,60,105,0.43,0.57
MOME_a45,Moon,Mercury,SemiSquare,49,61,110,0.45,0.55
MOME_a60,Moon,Mercury,Sextile,55,55,110,0.5,0.5
MOME_a72,Moon,Mercury,Quintile,54,52,106,0.51,0.49
MOME_a90,Moon,Mercury,Square,49,59,108,0.45,0.55
MONE_a0,Moon,Neptune,Conjunction,28,30,58,0.48,0.52
MONE_a103,Moon,Neptune,BiSeptile,51,63,114,0.45,0.55
MONE_a120,Moon,Neptune,Trine,52,62,114,0.46,0.54
MONE_a135,Moon,Neptune,SesquiSquare,54,61,115,0.47,0.53
MONE_a144,Moon,Neptune,BiQuintile,50,64,114,0.44,0.56
MONE_a150,Moon,Neptune,Quincunx,46,67,113,0.41,0.59
MONE_a180,Moon,Neptune,Opposition,31,26,57,0.54,0.46
MONE_a30,Moon,Neptune,SemiSextile,50,67,117,0.43,0.57
MONE_a36,Moon,Neptune,SemiQuintile,59,59,118,0.5,0.5
MONE_a45,Moon,Neptune,SemiSquare,61,55,116,0.53,0.47
MONE_a60,Moon,Neptune,Sextile,62,55,117,0.53,0.47
MONE_a72,Moon,Neptune,Quintile,51,68,119,0.43,0.57
MONE_a90,Moon,Neptune,Square,48,65,113,0.42,0.58
MONN_a0,Moon,NNode,Conjunction,30,27,57,0.53,0.47
MONN_a103,Moon,NNode,BiSeptile,51,67,118,0.43,0.57
MONN_a120,Moon,NNode,Trine,52,62,114,0.46,0.54
MONN_a135,Moon,NNode,SesquiSquare,57,61,118,0.48,0.52
MONN_a144,Moon,NNode,BiQuintile,58,58,116,0.5,0.5
MONN_a150,Moon,NNode,Quincunx,58,59,117,0.5,0.5
MONN_a180,Moon,NNode,Opposition,25,33,58,0.43,0.57
MONN_a30,Moon,NNode,SemiSextile,53,62,115,0.46,0.54
MONN_a36,Moon,NNode,SemiQuintile,48,66,114,0.42,0.58
MONN_a45,Moon,NNode,SemiSquare,39,76,115,0.34,0.66
MONN_a60,Moon,NNode,Sextile,56,57,113,0.5,0.5
MONN_a72,Moon,NNode,Quintile,57,55,112,0.51,0.49
MONN_a90,Moon,NNode,Square,60,56,116,0.52,0.48
MOPA_a0,Moon,Pallas,Conjunction,29,28,57,0.51,0.49
MOPA_a103,Moon,Pallas,BiSeptile,43,74,117,0.37,0.63
MOPA_a120,Moon,Pallas,Trine,43,75,118,0.36,0.64
MOPA_a135,Moon,Pallas,SesquiSquare,60,51,111,0.54,0.46
MOPA_a144,Moon,Pallas,BiQuintile,58,55,113,0.51,0.49
MOPA_a150,Moon,Pallas,Quincunx,58,56,114,0.51,0.49
MOPA_a180,Moon,Pallas,Opposition,31,25,56,0.55,0.45
MOPA_a30,Moon,Pallas,SemiSextile,47,64,111,0.42,0.58
MOPA_a36,Moon,Pallas,SemiQuintile,49,64,113,0.43,0.57
MOPA_a45,Moon,Pallas,SemiSquare,53,59,112,0.47,0.53
MOPA_a60,Moon,Pallas,Sextile,56,57,113,0.5,0.5
MOPA_a72,Moon,Pallas,Quintile,51,61,112,0.46,0.54
MOPA_a90,Moon,Pallas,Square,43,72,115,0.37,0.63
MOPH_a0,Moon,Pholus,Conjunction,21,36,57,0.37,0.63
MOPH_a103,Moon,Pholus,BiSeptile,57,58,115,0.5,0.5
MOPH_a120,Moon,Pholus,Trine,58,54,112,0.52,0.48
MOPH_a135,Moon,Pholus,SesquiSquare,51,60,111,0.46,0.54
MOPH_a144,Moon,Pholus,BiQuintile,58,56,114,0.51,0.49
MOPH_a150,Moon,Pholus,Quincunx,53,61,114,0.46,0.54
MOPH_a180,Moon,Pholus,Opposition,21,36,57,0.37,0.63
MOPH_a30,Moon,Pholus,SemiSextile,60,59,119,0.5,0.5
MOPH_a36,Moon,Pholus,SemiQuintile,52,63,115,0.45,0.55
MOPH_a45,Moon,Pholus,SemiSquare,48,68,116,0.41,0.59
MOPH_a60,Moon,Pholus,Sextile,56,58,114,0.49,0.51
MOPH_a72,Moon,Pholus,Quintile,57,58,115,0.5,0.5
MOPH_a90,Moon,Pholus,Square,58,56,114,0.51,0.49
MOPL_a0,Moon,Pluto,Conjunction,30,27,57,0.53,0.47
MOPL_a103,Moon,Pluto,BiSeptile,62,54,116,0.53,0.47
MOPL_a120,Moon,Pluto,Trine,59,54,113,0.52,0.48
MOPL_a135,Moon,Pluto,SesquiSquare,48,63,111,0.43,0.57
MOPL_a144,Moon,Pluto,BiQuintile,47,66,113,0.42,0.58
MOPL_a150,Moon,Pluto,Quincunx,42,69,111,0.38,0.62
MOPL_a180,Moon,Pluto,Opposition,27,29,56,0.48,0.52
MOPL_a30,Moon,Pluto,SemiSextile,52,64,116,0.45,0.55
MOPL_a36,Moon,Pluto,SemiQuintile,60,55,115,0.52,0.48
MOPL_a45,Moon,Pluto,SemiSquare,60,57,117,0.51,0.49
MOPL_a60,Moon,Pluto,Sextile,49,65,114,0.43,0.57
MOPL_a72,Moon,Pluto,Quintile,52,64,116,0.45,0.55
MOPL_a90,Moon,Pluto,Square,54,63,117,0.46,0.54
MOSA_a0,Moon,Saturn,Conjunction,24,34,58,0.41,0.59
MOSA_a103,Moon,Saturn,BiSeptile,61,53,114,0.54,0.46
MOSA_a120,Moon,Saturn,Trine,54,61,115,0.47,0.53
MOSA_a135,Moon,Saturn,SesquiSquare,54,59,113,0.48,0.52
MOSA_a144,Moon,Saturn,BiQuintile,42,71,113,0.37,0.63
MOSA_a150,Moon,Saturn,Quincunx,43,70,113,0.38,0.62
MOSA_a180,Moon,Saturn,Opposition,26,31,57,0.46,0.54
MOSA_a30,Moon,Saturn,SemiSextile,54,60,114,0.47,0.53
MOSA_a36,Moon,Saturn,SemiQuintile,57,58,115,0.5,0.5
MOSA_a45,Moon,Saturn,SemiSquare,48,66,114,0.42,0.58
MOSA_a60,Moon,Saturn,Sextile,55,61,116,0.47,0.53
MOSA_a72,Moon,Saturn,Quintile,50,66,116,0.43,0.57
MOSA_a90,Moon,Saturn,Square,63,54,117,0.54,0.46
MOSN_a0,Moon,SNode,Conjunction,25,33,58,0.43,0.57
MOSN_a103,Moon,SNode,BiSeptile,61,54,115,0.53,0.47
MOSN_a120,Moon,SNode,Trine,56,58,114,0.49,0.51
MOSN_a135,Moon,SNode,SesquiSquare,39,76,115,0.34,0.66
MOSN_a144,Moon,SNode,BiQuintile,48,66,114,0.42,0.58
MOSN_a150,Moon,SNode,Quincunx,53,62,115,0.46,0.54
MOSN_a180,Moon,SNode,Opposition,30,27,57,0.53,0.47
MOSN_a30,Moon,SNode,SemiSextile,58,59,117,0.5,0.5
MOSN_a36,Moon,SNode,SemiQuintile,58,58,116,0.5,0.5
MOSN_a45,Moon,SNode,SemiSquare,57,61,118,0.48,0.52
MOSN_a60,Moon,SNode,Sextile,52,62,114,0.46,0.54
MOSN_a72,Moon,SNode,Quintile,51,66,117,0.44,0.56
MOSN_a90,Moon,SNode,Square,60,56,116,0.52,0.48
MOSU_a0,Moon,Sun,Conjunction,28,24,52,0.54,0.46
MOSU_a103,Moon,Sun,BiSeptile,47,61,108,0.44,0.56
MOSU_a120,Moon,Sun,Trine,46,65,111,0.41,0.59
MOSU_a135,Moon,Sun,SesquiSquare,63,48,111,0.57,0.43
MOSU_a144,Moon,Sun,BiQuintile,57,52,109,0.52,0.48
MOSU_a150,Moon,Sun,Quincunx,53,58,111,0.48,0.52
MOSU_a180,Moon,Sun,Opposition,21,32,53,0.4,0.6
MOSU_a30,Moon,Sun,SemiSextile,50,60,110,0.45,0.55
MOSU_a36,Moon,Sun,SemiQuintile,53,57,110,0.48,0.52
MOSU_a45,Moon,Sun,SemiSquare,51,55,106,0.48,0.52
MOSU_a60,Moon,Sun,Sextile,64,47,111,0.58,0.42
MOSU_a72,Moon,Sun,Quintile,52,58,110,0.47,0.53
MOSU_a90,Moon,Sun,Square,50,60,110,0.45,0.55
MOUR_a0,Moon,Uranus,Conjunction,36,24,60,0.6,0.4
MOUR_a103,Moon,Uranus,BiSeptile,53,60,113,0.47,0.53
MOUR_a120,Moon,Uranus,Trine,50,63,113,0.44,0.56
MOUR_a135,Moon,Uranus,SesquiSquare,58,57,115,0.5,0.5
MOUR_a144,Moon,Uranus,BiQuintile,59,56,115,0.51,0.49
MOUR_a150,Moon,Uranus,Quincunx,63,53,116,0.54,0.46
MOUR_a180,Moon,Uranus,Opposition,26,32,58,0.45,0.55
MOUR_a30,Moon,Uranus,SemiSextile,51,66,117,0.44,0.56
MOUR_a36,Moon,Uranus,SemiQuintile,51,65,116,0.44,0.56
MOUR_a45,Moon,Uranus,SemiSquare,52,67,119,0.44,0.56
MOUR_a60,Moon,Uranus,Sextile,46,70,116,0.4,0.6
MOUR_a72,Moon,Uranus,Quintile,50,63,113,0.44,0.56
MOUR_a90,Moon,Uranus,Square,53,61,114,0.46,0.54
MOVE_a0,Moon,Venus,Conjunction,22,30,52,0.42,0.58
MOVE_a103,Moon,Venus,BiSeptile,47,59,106,0.44,0.56
MOVE_a120,Moon,Venus,Trine,44,65,109,0.4,0.6
MOVE_a135,Moon,Venus,SesquiSquare,45,66,111,0.41,0.59
MOVE_a144,Moon,Venus,BiQuintile,49,58,107,0.46,0.54
MOVE_a150,Moon,Venus,Quincunx,49,61,110,0.45,0.55
MOVE_a180,Moon,Venus,Opposition,28,26,54,0.52,0.48
MOVE_a30,Moon,Venus,SemiSextile,54,55,109,0.5,0.5
MOVE_a36,Moon,Venus,SemiQuintile,53,57,110,0.48,0.52
MOVE_a45,Moon,Venus,SemiSquare,49,58,107,0.46,0.54
MOVE_a60,Moon,Venus,Sextile,46,60,106,0.43,0.57
MOVE_a72,Moon,Venus,Quintile,52,58,110,0.47,0.53
MOVE_a90,Moon,Venus,Square,54,56,110,0.49,0.51
MOVS_a0,Moon,Vesta,Conjunction,22,33,55,0.4,0.6
MOVS_a103,Moon,Vesta,BiSeptile,52,59,111,0.47,0.53
MOVS_a120,Moon,Vesta,Trine,58,58,116,0.5,0.5
MOVS_a135,Moon,Vesta,SesquiSquare,50,62,112,0.45,0.55
MOVS_a144,Moon,Vesta,BiQuintile,56,56,112,0.5,0.5
MOVS_a150,Moon,Vesta,Quincunx,46,67,113,0.41,0.59
MOVS_a180,Moon,Vesta,Opposition,26,32,58,0.45,0.55
MOVS_a30,Moon,Vesta,SemiSextile,54,61,115,0.47,0.53
MOVS_a36,Moon,Vesta,SemiQuintile,53,61,114,0.46,0.54
MOVS_a45,Moon,Vesta,SemiSquare,53,59,112,0.47,0.53
MOVS_a60,Moon,Vesta,Sextile,53,59,112,0.47,0.53
MOVS_a72,Moon,Vesta,Quintile,62,53,115,0.54,0.46
MOVS_a90,Moon,Vesta,Square,53,59,112,0.47,0.53
NNCH_a103,NNode,Chiron,BiSeptile,34,26,60,0.57,0.43
NNCH_a120,NNode,Chiron,Trine,27,42,69,0.39,0.61
NNCH_a135,NNode,Chiron,SesquiSquare,11,25,36,0.31,0.69
NNCH_a144,NNode,Chiron,BiQuintile,66,61,127,0.52,0.48
NNCH_a150,NNode,Chiron,Quincunx,28,24,52,0.54,0.46
NNCH_a72,NNode,Chiron,Quintile,21,17,38,0.55,0.45
NNCH_a90,NNode,Chiron,Square,12,24,36,0.33,0.67
NNNE_a103,NNode,Neptune,BiSeptile,26,21,47,0.55,0.45
NNNE_a120,NNode,Neptune,Trine,40,37,77,0.52,0.48
NNNE_a135,NNode,Neptune,SesquiSquare,32,38,70,0.46,0.54
NNNE_a144,NNode,Neptune,BiQuintile,24,31,55,0.44,0.56
NNNE_a150,NNode,Neptune,Quincunx,18,27,45,0.4,0.6
NNNE_a180,NNode,Neptune,Opposition,10,30,40,0.25,0.75
NNNE_a90,NNode,Neptune,Square,31,25,56,0.55,0.45
NNPH_a120,NNode,Pholus,Trine,71,66,137,0.52,0.48
NNPH_a135,NNode,Pholus,SesquiSquare,19,29,48,0.4,0.6
NNPH_a144,NNode,Pholus,BiQuintile,46,53,99,0.46,0.54
NNPH_a150,NNode,Pholus,Quincunx,20,26,46,0.43,0.57
NNPH_a180,NNode,Pholus,Opposition,29,35,64,0.45,0.55
NNPL_a135,NNode,Pluto,SesquiSquare,22,29,51,0.43,0.57
NNPL_a144,NNode,Pluto,BiQuintile,73,72,145,0.5,0.5
NNPL_a150,NNode,Pluto,Quincunx,61,52,113,0.54,0.46
NNPL_a180,NNode,Pluto,Opposition,32,31,63,0.51,0.49
NNSA_a103,NNode,Saturn,BiSeptile,8,15,23,0.35,0.65
NNSA_a120,NNode,Saturn,Trine,17,24,41,0.41,0.59
NNSA_a135,NNode,Saturn,SesquiSquare,28,20,48,0.58,0.42
NNSA_a144,NNode,Saturn,BiQuintile,30,36,66,0.45,0.55
NNSA_a150,NNode,Saturn,Quincunx,155,179,334,0.46,0.54
NNSA_a180,NNode,Saturn,Opposition,84,102,186,0.45,0.55
NNSN_a180,NNode,SNode,Opposition,726,827,1553,0.47,0.53
NNUR_a103,NNode,Uranus,BiSeptile,19,17,36,0.53,0.47
NNUR_a120,NNode,Uranus,Trine,23,23,46,0.5,0.5
NNUR_a135,NNode,Uranus,SesquiSquare,22,48,70,0.31,0.69
NNUR_a45,NNode,Uranus,SemiSquare,65,64,129,0.5,0.5
NNUR_a60,NNode,Uranus,Sextile,17,24,41,0.41,0.59
NNUR_a72,NNode,Uranus,Quintile,25,24,49,0.51,0.49
NNUR_a90,NNode,Uranus,Square,68,79,147,0.46,0.54
PACH_a0,Pallas,Chiron,Conjunction,9,5,14,0.64,0.36
PACH_a103,Pallas,Chiron,BiSeptile,8,9,17,0.47,0.53
PACH_a120,Pallas,Chiron,Trine,7,10,17,0.41,0.59
PACH_a135,Pallas,Chiron,SesquiSquare,7,10,17,0.41,0.59
PACH_a144,Pallas,Chiron,BiQuintile,7,9,16,0.44,0.56
PACH_a150,Pallas,Chiron,Quincunx,24,34,58,0.41,0.59
PACH_a180,Pallas,Chiron,Opposition,4,4,8,0.5,0.5
PACH_a30,Pallas,Chiron,SemiSextile,34,40,74,0.46,0.54
PACH_a36,Pallas,Chiron,SemiQuintile,24,21,45,0.53,0.47
PACH_a45,Pallas,Chiron,SemiSquare,23,38,61,0.38,0.62
PACH_a60,Pallas,Chiron,Sextile,9,12,21,0.43,0.57
PACH_a72,Pallas,Chiron,Quintile,37,24,61,0.61,0.39
PACH_a90,Pallas,Chiron,Square,7,12,19,0.37,0.63
PAJU_a0,Pallas,Jupiter,Conjunction,53,49,102,0.52,0.48
PAJU_a103,Pallas,Jupiter,BiSeptile,3,4,7,0.43,0.57
PAJU_a120,Pallas,Jupiter,Trine,2,4,6,0.33,0.67
PAJU_a135,Pallas,Jupiter,SesquiSquare,3,18,21,0.14,0.86
PAJU_a144,Pallas,Jupiter,BiQuintile,5,12,17,0.29,0.71
PAJU_a150,Pallas,Jupiter,Quincunx,7,9,16,0.44,0.56
PAJU_a180,Pallas,Jupiter,Opposition,9,17,26,0.35,0.65
PAJU_a30,Pallas,Jupiter,SemiSextile,6,10,16,0.38,0.62
PAJU_a36,Pallas,Jupiter,SemiQuintile,4,10,14,0.29,0.71
PAJU_a45,Pallas,Jupiter,SemiSquare,3,9,12,0.25,0.75
PAJU_a60,Pallas,Jupiter,Sextile,23,20,43,0.53,0.47
PAJU_a72,Pallas,Jupiter,Quintile,27,18,45,0.6,0.4
PAJU_a90,Pallas,Jupiter,Square,2,7,9,0.22,0.78
PANE_a0,Pallas,Neptune,Conjunction,5,9,14,0.36,0.64
PANE_a103,Pallas,Neptune,BiSeptile,2,14,16,0.12,0.88
PANE_a120,Pallas,Neptune,Trine,7,9,16,0.44,0.56
PANE_a135,Pallas,Neptune,SesquiSquare,25,25,50,0.5,0.5
PANE_a144,Pallas,Neptune,BiQuintile,21,25,46,0.46,0.54
PANE_a150,Pallas,Neptune,Quincunx,15,32,47,0.32,0.68
PANE_a180,Pallas,Neptune,Opposition,2,6,8,0.25,0.75
PANE_a30,Pallas,Neptune,SemiSextile,10,10,20,0.5,0.5
PANE_a36,Pallas,Neptune,SemiQuintile,18,8,26,0.69,0.31
PANE_a45,Pallas,Neptune,SemiSquare,45,39,84,0.54,0.46
PANE_a60,Pallas,Neptune,Sextile,51,69,120,0.42,0.57
PANE_a72,Pallas,Neptune,Quintile,12,7,19,0.63,0.37
PANE_a90,Pallas,Neptune,Square,11,7,18,0.61,0.39
PANN_a0,Pallas,NNode,Conjunction,4,3,7,0.57,0.43
PANN_a103,Pallas,NNode,BiSeptile,26,30,56,0.46,0.54
PANN_a120,Pallas,NNode,Trine,16,15,31,0.52,0.48
PANN_a135,Pallas,NNode,SesquiSquare,15,15,30,0.5,0.5
PANN_a144,Pallas,NNode,BiQuintile,15,15,30,0.5,0.5
PANN_a150,Pallas,NNode,Quincunx,41,43,84,0.49,0.51
PANN_a180,Pallas,NNode,Opposition,9,13,22,0.41,0.59
PANN_a30,Pallas,NNode,SemiSextile,6,8,14,0.43,0.57
PANN_a36,Pallas,NNode,SemiQuintile,7,7,14,0.5,0.5
PANN_a45,Pallas,NNode,SemiSquare,7,7,14,0.5,0.5
PANN_a60,Pallas,NNode,Sextile,11,4,15,0.73,0.27
PANN_a72,Pallas,NNode,Quintile,5,12,17,0.29,0.71
PANN_a90,Pallas,NNode,Square,26,29,55,0.47,0.53
PAPH_a0,Pallas,Pholus,Conjunction,8,4,12,0.67,0.33
PAPH_a103,Pallas,Pholus,BiSeptile,8,11,19,0.42,0.58
PAPH_a120,Pallas,Pholus,Trine,27,26,53,0.51,0.49
PAPH_a135,Pallas,Pholus,SesquiSquare,22,34,56,0.39,0.61
PAPH_a144,Pallas,Pholus,BiQuintile,9,6,15,0.6,0.4
PAPH_a150,Pallas,Pholus,Quincunx,6,8,14,0.43,0.57
PAPH_a180,Pallas,Pholus,Opposition,2,5,7,0.29,0.71
PAPH_a30,Pallas,Pholus,SemiSextile,12,13,25,0.48,0.52
PAPH_a36,Pallas,Pholus,SemiQuintile,18,7,25,0.72,0.28
PAPH_a45,Pallas,Pholus,SemiSquare,7,8,15,0.47,0.53
PAPH_a60,Pallas,Pholus,Sextile,8,24,32,0.25,0.75
PAPH_a72,Pallas,Pholus,Quintile,29,25,54,0.54,0.46
PAPH_a90,Pallas,Pholus,Square,11,11,22,0.5,0.5
PAPL_a0,Pallas,Pluto,Conjunction,31,21,52,0.6,0.4
PAPL_a103,Pallas,Pluto,BiSeptile,46,43,89,0.52,0.48
PAPL_a120,Pallas,Pluto,Trine,5,13,18,0.28,0.72
PAPL_a135,Pallas,Pluto,SesquiSquare,7,8,15,0.47,0.53
PAPL_a144,Pallas,Pluto,BiQuintile,10,5,15,0.67,0.33
PAPL_a150,Pallas,Pluto,Quincunx,7,7,14,0.5,0.5
PAPL_a180,Pallas,Pluto,Opposition,1,6,7,0.14,0.86
PAPL_a30,Pallas,Pluto,SemiSextile,5,6,11,0.45,0.55
PAPL_a36,Pallas,Pluto,SemiQuintile,16,27,43,0.37,0.63
PAPL_a45,Pallas,Pluto,SemiSquare,10,16,26,0.38,0.62
PAPL_a60,Pallas,Pluto,Sextile,10,13,23,0.43,0.57
PAPL_a72,Pallas,Pluto,Quintile,12,10,22,0.55,0.45
PAPL_a90,Pallas,Pluto,Square,28,24,52,0.54,0.46
PASA_a0,Pallas,Saturn,Conjunction,31,30,61,0.51,0.49
PASA_a103,Pallas,Saturn,BiSeptile,12,9,21,0.57,0.43
PASA_a120,Pallas,Saturn,Trine,24,23,47,0.51,0.49
PASA_a135,Pallas,Saturn,SesquiSquare,18,23,41,0.44,0.56
PASA_a144,Pallas,Saturn,BiQuintile,17,27,44,0.39,0.61
PASA_a150,Pallas,Saturn,Quincunx,9,5,14,0.64,0.36
PASA_a180,Pallas,Saturn,Opposition,2,5,7,0.29,0.71
PASA_a30,Pallas,Saturn,SemiSextile,5,9,14,0.36,0.64
PASA_a36,Pallas,Saturn,SemiQuintile,8,4,12,0.67,0.33
PASA_a45,Pallas,Saturn,SemiSquare,3,9,12,0.25,0.75
PASA_a60,Pallas,Saturn,Sextile,3,8,11,0.27,0.73
PASA_a72,Pallas,Saturn,Quintile,11,20,31,0.35,0.65
PASA_a90,Pallas,Saturn,Square,23,29,52,0.44,0.56
PASN_a0,Pallas,SNode,Conjunction,9,13,22,0.41,0.59
PASN_a103,Pallas,SNode,BiSeptile,9,9,18,0.5,0.5
PASN_a120,Pallas,SNode,Trine,11,4,15,0.73,0.27
PASN_a135,Pallas,SNode,SesquiSquare,7,7,14,0.5,0.5
PASN_a144,Pallas,SNode,BiQuintile,7,7,14,0.5,0.5
PASN_a150,Pallas,SNode,Quincunx,6,8,14,0.43,0.57
PASN_a180,Pallas,SNode,Opposition,4,3,7,0.57,0.43
PASN_a30,Pallas,SNode,SemiSextile,41,43,84,0.49,0.51
PASN_a36,Pallas,SNode,SemiQuintile,15,15,30,0.5,0.5
PASN_a45,Pallas,SNode,SemiSquare,15,15,30,0.5,0.5
PASN_a60,Pallas,SNode,Sextile,16,15,31,0.52,0.48
PASN_a72,Pallas,SNode,Quintile,30,24,54,0.56,0.44
PASN_a90,Pallas,SNode,Square,26,29,55,0.47,0.53
PAUR_a0,Pallas,Uranus,Conjunction,28,25,53,0.53,0.47
PAUR_a103,Pallas,Uranus,BiSeptile,23,30,53,0.43,0.57
PAUR_a120,Pallas,Uranus,Trine,17,20,37,0.46,0.54
PAUR_a135,Pallas,Uranus,SesquiSquare,9,9,18,0.5,0.5
PAUR_a144,Pallas,Uranus,BiQuintile,9,8,17,0.53,0.47
PAUR_a150,Pallas,Uranus,Quincunx,9,9,18,0.5,0.5
PAUR_a180,Pallas,Uranus,Opposition,25,31,56,0.45,0.55
PAUR_a30,Pallas,Uranus,SemiSextile,9,14,23,0.39,0.61
PAUR_a36,Pallas,Uranus,SemiQuintile,6,15,21,0.29,0.71
PAUR_a45,Pallas,Uranus,SemiSquare,8,14,22,0.36,0.64
PAUR_a60,Pallas,Uranus,Sextile,8,24,32,0.25,0.75
PAUR_a72,Pallas,Uranus,Quintile,2,6,8,0.25,0.75
PAUR_a90,Pallas,Uranus,Square,11,9,20,0.55,0.45
PHNE_a72,Pholus,Neptune,Quintile,218,285,503,0.43,0.57
SACH_a60,Saturn,Chiron,Sextile,10,10,20,0.5,0.5
SACH_a72,Saturn,Chiron,Quintile,117,121,238,0.49,0.51
SACH_a90,Saturn,Chiron,Square,79,109,188,0.42,0.58
SANE_a45,Saturn,Neptune,SemiSquare,21,16,37,0.57,0.43
SANE_a60,Saturn,Neptune,Sextile,77,92,169,0.46,0.54
SANE_a72,Saturn,Neptune,Quintile,80,83,163,0.49,0.51
SAPH_a0,Saturn,Pholus,Conjunction,53,38,91,0.58,0.42
SAPH_a30,Saturn,Pholus,SemiSextile,31,23,54,0.57,0.43
SAPL_a0,Saturn,Pluto,Conjunction,29,19,48,0.6,0.4
SAPL_a30,Saturn,Pluto,SemiSextile,8,25,33,0.24,0.76
SAUR_a103,Saturn,Uranus,BiSeptile,145,141,286,0.51,0.49
SAUR_a120,Saturn,Uranus,Trine,87,96,183,0.48,0.52
SAUR_a90,Saturn,Uranus,Square,5,3,8,0.62,0.38
SNCH_a103,SNode,Chiron,BiSeptile,78,80,158,0.49,0.51
SNCH_a30,SNode,Chiron,SemiSextile,28,24,52,0.54,0.46
SNCH_a36,SNode,Chiron,SemiQuintile,66,61,127,0.52,0.48
SNCH_a45,SNode,Chiron,SemiSquare,11,25,36,0.31,0.69
SNCH_a60,SNode,Chiron,Sextile,27,42,69,0.39,0.61
SNCH_a72,SNode,Chiron,Quintile,17,21,38,0.45,0.55
SNCH_a90,SNode,Chiron,Square,12,24,36,0.33,0.67
SNNE_a0,SNode,Neptune,Conjunction,10,30,40,0.25,0.75
SNNE_a30,SNode,Neptune,SemiSextile,18,27,45,0.4,0.6
SNNE_a36,SNode,Neptune,SemiQuintile,24,31,55,0.44,0.56
SNNE_a45,SNode,Neptune,SemiSquare,32,38,70,0.46,0.54
SNNE_a60,SNode,Neptune,Sextile,40,37,77,0.52,0.48
SNNE_a72,SNode,Neptune,Quintile,20,26,46,0.43,0.57
SNNE_a90,SNode,Neptune,Square,31,25,56,0.55,0.45
SNPH_a0,SNode,Pholus,Conjunction,29,35,64,0.45,0.55
SNPH_a30,SNode,Pholus,SemiSextile,20,26,46,0.43,0.57
SNPH_a36,SNode,Pholus,SemiQuintile,46,53,99,0.46,0.54
SNPH_a45,SNode,Pholus,SemiSquare,19,29,48,0.4,0.6
SNPH_a60,SNode,Pholus,Sextile,71,66,137,0.52,0.48
SNPH_a72,SNode,Pholus,Quintile,9,36,45,0.2,0.8
SNPL_a0,SNode,Pluto,Conjunction,32,31,63,0.51,0.49
SNPL_a30,SNode,Pluto,SemiSextile,61,52,113,0.54,0.46
SNPL_a36,SNode,Pluto,SemiQuintile,73,72,145,0.5,0.5
SNPL_a45,SNode,Pluto,SemiSquare,22,29,51,0.43,0.57
SNSA_a0,SNode,Saturn,Conjunction,84,102,186,0.45,0.55
SNSA_a30,SNode,Saturn,SemiSextile,155,179,334,0.46,0.54
SNSA_a36,SNode,Saturn,SemiQuintile,30,36,66,0.45,0.55
SNSA_a45,SNode,Saturn,SemiSquare,28,20,48,0.58,0.42
SNSA_a60,SNode,Saturn,Sextile,17,24,41,0.41,0.59
SNSA_a72,SNode,Saturn,Quintile,7,19,26,0.27,0.73
SNUR_a103,SNode,Uranus,BiSeptile,18,19,37,0.49,0.51
SNUR_a120,SNode,Uranus,Trine,17,24,41,0.41,0.59
SNUR_a135,SNode,Uranus,SesquiSquare,64,64,128,0.5,0.5
SNUR_a45,SNode,Uranus,SemiSquare,22,48,70,0.31,0.69
SNUR_a60,SNode,Uranus,Sextile,23,23,46,0.5,0.5
SNUR_a72,SNode,Uranus,Quintile,16,27,43,0.37,0.63
SNUR_a90,SNode,Uranus,Square,68,79,147,0.46,0.54
SUCE_a0,Sun,Ceres,Conjunction,16,6,22,0.73,0.27
SUCE_a103,Sun,Ceres,BiSeptile,23,13,36,0.64,0.36
SUCE_a120,Sun,Ceres,Trine,12,21,33,0.36,0.64
SUCE_a135,Sun,Ceres,SesquiSquare,13,15,28,0.46,0.54
SUCE_a144,Sun,Ceres,BiQuintile,12,16,28,0.43,0.57
SUCE_a150,Sun,Ceres,Quincunx,12,16,28,0.43,0.57
SUCE_a180,Sun,Ceres,Opposition,7,3,10,0.7,0.3
SUCE_a30,Sun,Ceres,SemiSextile,16,27,43,0.37,0.63
SUCE_a36,Sun,Ceres,SemiQuintile,8,35,43,0.19,0.81
SUCE_a45,Sun,Ceres,SemiSquare,25,24,49,0.51,0.49
SUCE_a60,Sun,Ceres,Sextile,24,19,43,0.56,0.44
SUCE_a72,Sun,Ceres,Quintile,13,30,43,0.3,0.7
SUCE_a90,Sun,Ceres,Square,21,19,40,0.52,0.48
SUCH_a0,Sun,Chiron,Conjunction,10,7,17,0.59,0.41
SUCH_a103,Sun,Chiron,BiSeptile,20,22,42,0.48,0.52
SUCH_a120,Sun,Chiron,Trine,16,21,37,0.43,0.57
SUCH_a135,Sun,Chiron,SesquiSquare,16,20,36,0.44,0.56
SUCH_a144,Sun,Chiron,BiQuintile,13,22,35,0.37,0.63
SUCH_a150,Sun,Chiron,Quincunx,18,18,36,0.5,0.5
SUCH_a180,Sun,Chiron,Opposition,12,4,16,0.75,0.25
SUCH_a30,Sun,Chiron,SemiSextile,17,19,36,0.47,0.53
SUCH_a36,Sun,Chiron,SemiQuintile,14,21,35,0.4,0.6
SUCH_a45,Sun,Chiron,SemiSquare,14,24,38,0.37,0.63
SUCH_a60,Sun,Chiron,Sextile,21,20,41,0.51,0.49
SUCH_a72,Sun,Chiron,Quintile,29,13,42,0.69,0.31
SUCH_a90,Sun,Chiron,Square,19,18,37,0.51,0.49
SUJN_a0,Sun,Juno,Conjunction,13,15,28,0.46,0.54
SUJN_a103,Sun,Juno,BiSeptile,12,20,32,0.38,0.62
SUJN_a120,Sun,Juno,Trine,16,12,28,0.57,0.43
SUJN_a135,Sun,Juno,SesquiSquare,10,14,24,0.42,0.58
SUJN_a144,Sun,Juno,BiQuintile,19,6,25,0.76,0.24
SUJN_a150,Sun,Juno,Quincunx,8,16,24,0.33,0.67
SUJN_a180,Sun,Juno,Opposition,7,4,11,0.64,0.36
SUJN_a30,Sun,Juno,SemiSextile,24,27,51,0.47,0.53
SUJN_a36,Sun,Juno,SemiQuintile,26,25,51,0.51,0.49
SUJN_a45,Sun,Juno,SemiSquare,21,27,48,0.44,0.56
SUJN_a60,Sun,Juno,Sextile,21,26,47,0.45,0.55
SUJN_a72,Sun,Juno,Quintile,21,17,38,0.55,0.45
SUJN_a90,Sun,Juno,Square,12,23,35,0.34,0.66
SUJU_a0,Sun,Jupiter,Conjunction,11,10,21,0.52,0.48
SUJU_a103,Sun,Jupiter,BiSeptile,20,18,38,0.53,0.47
SUJU_a120,Sun,Jupiter,Trine,16,19,35,0.46,0.54
SUJU_a135,Sun,Jupiter,SesquiSquare,12,21,33,0.36,0.64
SUJU_a144,Sun,Jupiter,BiQuintile,5,29,34,0.15,0.85
SUJU_a150,Sun,Jupiter,Quincunx,18,14,32,0.56,0.44
SUJU_a180,Sun,Jupiter,Opposition,10,6,16,0.62,0.38
SUJU_a30,Sun,Jupiter,SemiSextile,18,25,43,0.42,0.58
SUJU_a36,Sun,Jupiter,SemiQuintile,16,26,42,0.38,0.62
SUJU_a45,Sun,Jupiter,SemiSquare,19,22,41,0.46,0.54
SUJU_a60,Sun,Jupiter,Sextile,17,24,41,0.41,0.59
SUJU_a72,Sun,Jupiter,Quintile,19,21,40,0.48,0.52
SUJU_a90,Sun,Jupiter,Square,14,18,32,0.44,0.56
SUMA_a0,Sun,Mars,Conjunction,14,13,27,0.52,0.48
SUMA_a103,Sun,Mars,BiSeptile,21,14,35,0.6,0.4
SUMA_a120,Sun,Mars,Trine,9,16,25,0.36,0.64
SUMA_a135,Sun,Mars,SesquiSquare,8,11,19,0.42,0.58
SUMA_a144,Sun,Mars,BiQuintile,8,9,17,0.47,0.53
SUMA_a150,Sun,Mars,Quincunx,7,9,16,0.44,0.56
SUMA_a180,Sun,Mars,Opposition,3,3,6,0.5,0.5
SUMA_a30,Sun,Mars,SemiSextile,25,26,51,0.49,0.51
SUMA_a36,Sun,Mars,SemiQuintile,29,21,50,0.58,0.42
SUMA_a45,Sun,Mars,SemiSquare,28,21,49,0.57,0.43
SUMA_a60,Sun,Mars,Sextile,20,30,50,0.4,0.6
SUMA_a72,Sun,Mars,Quintile,24,28,52,0.46,0.54
SUMA_a90,Sun,Mars,Square,16,26,42,0.38,0.62
SUNE_a0,Sun,Neptune,Conjunction,7,11,18,0.39,0.61
SUNE_a103,Sun,Neptune,BiSeptile,15,24,39,0.38,0.62
SUNE_a120,Sun,Neptune,Trine,16,19,35,0.46,0.54
SUNE_a135,Sun,Neptune,SesquiSquare,21,15,36,0.58,0.42
SUNE_a144,Sun,Neptune,BiQuintile,11,25,36,0.31,0.69
SUNE_a150,Sun,Neptune,Quincunx,18,14,32,0.56,0.44
SUNE_a180,Sun,Neptune,Opposition,5,11,16,0.31,0.69
SUNE_a30,Sun,Neptune,SemiSextile,18,18,36,0.5,0.5
SUNE_a36,Sun,Neptune,SemiQuintile,21,19,40,0.52,0.48
SUNE_a45,Sun,Neptune,SemiSquare,21,19,40,0.52,0.48
SUNE_a60,Sun,Neptune,Sextile,21,18,39,0.54,0.46
SUNE_a72,Sun,Neptune,Quintile,14,26,40,0.35,0.65
SUNE_a90,Sun,Neptune,Square,18,23,41,0.44,0.56
SUNN_a0,Sun,NNode,Conjunction,4,12,16,0.25,0.75
SUNN_a103,Sun,NNode,BiSeptile,22,15,37,0.59,0.41
SUNN_a120,Sun,NNode,Trine,15,23,38,0.39,0.61
SUNN_a135,Sun,NNode,SesquiSquare,14,27,41,0.34,0.66
SUNN_a144,Sun,NNode,BiQuintile,19,21,40,0.48,0.52
SUNN_a150,Sun,NNode,Quincunx,24,17,41,0.59,0.41
SUNN_a180,Sun,NNode,Opposition,9,11,20,0.45,0.55
SUNN_a30,Sun,NNode,SemiSextile,16,17,33,0.48,0.52
SUNN_a36,Sun,NNode,SemiQuintile,13,21,34,0.38,0.62
SUNN_a45,Sun,NNode,SemiSquare,12,22,34,0.35,0.65
SUNN_a60,Sun,NNode,Sextile,20,18,38,0.53,0.47
SUNN_a72,Sun,NNode,Quintile,21,17,38,0.55,0.45
SUNN_a90,Sun,NNode,Square,17,20,37,0.46,0.54
SUPA_a0,Sun,Pallas,Conjunction,10,14,24,0.42,0.58
SUPA_a103,Sun,Pallas,BiSeptile,17,14,31,0.55,0.45
SUPA_a120,Sun,Pallas,Trine,15,13,28,0.54,0.46
SUPA_a135,Sun,Pallas,SesquiSquare,9,15,24,0.38,0.62
SUPA_a144,Sun,Pallas,BiQuintile,7,15,22,0.32,0.68
SUPA_a150,Sun,Pallas,Quincunx,14,9,23,0.61,0.39
SUPA_a180,Sun,Pallas,Opposition,7,5,12,0.58,0.42
SUPA_a30,Sun,Pallas,SemiSextile,27,26,53,0.51,0.49
SUPA_a36,Sun,Pallas,SemiQuintile,23,29,52,0.44,0.56
SUPA_a45,Sun,Pallas,SemiSquare,28,23,51,0.55,0.45
SUPA_a60,Sun,Pallas,Sextile,15,32,47,0.32,0.68
SUPA_a72,Sun,Pallas,Quintile,18,26,44,0.41,0.59
SUPA_a90,Sun,Pallas,Square,17,21,38,0.45,0.55
SUPH_a0,Sun,Pholus,Conjunction,13,10,23,0.57,0.43
SUPH_a103,Sun,Pholus,BiSeptile,18,18,36,0.5,0.5
SUPH_a120,Sun,Pholus,Trine,17,17,34,0.5,0.5
SUPH_a135,Sun,Pholus,SesquiSquare,13,22,35,0.37,0.63
SUPH_a144,Sun,Pholus,BiQuintile,22,18,40,0.55,0.45
SUPH_a150,Sun,Pholus,Quincunx,18,20,38,0.47,0.53
SUPH_a180,Sun,Pholus,Opposition,8,8,16,0.5,0.5
SUPH_a30,Sun,Pholus,SemiSextile,13,31,44,0.3,0.7
SUPH_a36,Sun,Pholus,SemiQuintile,18,28,46,0.39,0.61
SUPH_a45,Sun,Pholus,SemiSquare,19,20,39,0.49,0.51
SUPH_a60,Sun,Pholus,Sextile,12,23,35,0.34,0.66
SUPH_a72,Sun,Pholus,Quintile,17,18,35,0.49,0.51
SUPH_a90,Sun,Pholus,Square,16,16,32,0.5,0.5
SUPL_a0,Sun,Pluto,Conjunction,13,11,24,0.54,0.46
SUPL_a103,Sun,Pluto,BiSeptile,14,21,35,0.4,0.6
SUPL_a120,Sun,Pluto,Trine,15,20,35,0.43,0.57
SUPL_a135,Sun,Pluto,SesquiSquare,23,14,37,0.62,0.38
SUPL_a144,Sun,Pluto,BiQuintile,17,19,36,0.47,0.53
SUPL_a150,Sun,Pluto,Quincunx,15,19,34,0.44,0.56
SUPL_a180,Sun,Pluto,Opposition,6,12,18,0.33,0.67
SUPL_a30,Sun,Pluto,SemiSextile,21,15,36,0.58,0.42
SUPL_a36,Sun,Pluto,SemiQuintile,14,22,36,0.39,0.61
SUPL_a45,Sun,Pluto,SemiSquare,19,19,38,0.5,0.5
SUPL_a60,Sun,Pluto,Sextile,16,26,42,0.38,0.62
SUPL_a72,Sun,Pluto,Quintile,14,22,36,0.39,0.61
SUPL_a90,Sun,Pluto,Square,13,22,35,0.37,0.63
SUSA_a0,Sun,Saturn,Conjunction,13,11,24,0.54,0.46
SUSA_a103,Sun,Saturn,BiSeptile,13,23,36,0.36,0.64
SUSA_a120,Sun,Saturn,Trine,17,19,36,0.47,0.53
SUSA_a135,Sun,Saturn,SesquiSquare,14,21,35,0.4,0.6
SUSA_a144,Sun,Saturn,BiQuintile,11,23,34,0.32,0.68
SUSA_a150,Sun,Saturn,Quincunx,14,20,34,0.41,0.59
SUSA_a180,Sun,Saturn,Opposition,7,11,18,0.39,0.61
SUSA_a30,Sun,Saturn,SemiSextile,16,24,40,0.4,0.6
SUSA_a36,Sun,Saturn,SemiQuintile,17,22,39,0.44,0.56
SUSA_a45,Sun,Saturn,SemiSquare,18,18,36,0.5,0.5
SUSA_a60,Sun,Saturn,Sextile,19,19,38,0.5,0.5
SUSA_a72,Sun,Saturn,Quintile,21,15,36,0.58,0.42
SUSA_a90,Sun,Saturn,Square,20,16,36,0.56,0.44
SUSN_a0,Sun,SNode,Conjunction,9,11,20,0.45,0.55
SUSN_a103,Sun,SNode,BiSeptile,16,24,40,0.4,0.6
SUSN_a120,Sun,SNode,Trine,20,17,37,0.54,0.46
SUSN_a135,Sun,SNode,SesquiSquare,12,22,34,0.35,0.65
SUSN_a144,Sun,SNode,BiQuintile,13,21,34,0.38,0.62
SUSN_a150,Sun,SNode,Quincunx,15,17,32,0.47,0.53
SUSN_a180,Sun,SNode,Opposition,4,12,16,0.25,0.75
SUSN_a30,Sun,SNode,SemiSextile,24,17,41,0.59,0.41
SUSN_a36,Sun,SNode,SemiQuintile,19,21,40,0.48,0.52
SUSN_a45,Sun,SNode,SemiSquare,14,27,41,0.34,0.66
SUSN_a60,Sun,SNode,Sextile,15,23,38,0.39,0.61
SUSN_a72,Sun,SNode,Quintile,16,21,37,0.43,0.57
SUSN_a90,Sun,SNode,Square,17,20,37,0.46,0.54
SUUR_a0,Sun,Uranus,Conjunction,9,10,19,0.47,0.53
SUUR_a103,Sun,Uranus,BiSeptile,23,16,39,0.59,0.41
SUUR_a120,Sun,Uranus,Trine,19,19,38,0.5,0.5
SUUR_a135,Sun,Uranus,SesquiSquare,18,20,38,0.47,0.53
SUUR_a144,Sun,Uranus,BiQuintile,17,20,37,0.46,0.54
SUUR_a150,Sun,Uranus,Quincunx,18,20,38,0.47,0.53
SUUR_a180,Sun,Uranus,Opposition,8,8,16,0.5,0.5
SUUR_a30,Sun,Uranus,SemiSextile,20,16,36,0.56,0.44
SUUR_a36,Sun,Uranus,SemiQuintile,17,19,36,0.47,0.53
SUUR_a45,Sun,Uranus,SemiSquare,16,20,36,0.44,0.56
SUUR_a60,Sun,Uranus,Sextile,14,24,38,0.37,0.63
SUUR_a72,Sun,Uranus,Quintile,15,22,37,0.41,0.59
SUUR_a90,Sun,Uranus,Square,19,20,39,0.49,0.51
SUVS_a0,Sun,Vesta,Conjunction,13,12,25,0.52,0.48
SUVS_a103,Sun,Vesta,BiSeptile,16,20,36,0.44,0.56
SUVS_a120,Sun,Vesta,Trine,15,17,32,0.47,0.53
SUVS_a135,Sun,Vesta,SesquiSquare,8,22,30,0.27,0.73
SUVS_a144,Sun,Vesta,BiQuintile,17,12,29,0.59,0.41
SUVS_a150,Sun,Vesta,Quincunx,9,14,23,0.39,0.61
SUVS_a180,Sun,Vesta,Opposition,2,9,11,0.18,0.82
SUVS_a30,Sun,Vesta,SemiSextile,19,28,47,0.4,0.6
SUVS_a36,Sun,Vesta,SemiQuintile,24,23,47,0.51,0.49
SUVS_a45,Sun,Vesta,SemiSquare,22,24,46,0.48,0.52
SUVS_a60,Sun,Vesta,Sextile,20,23,43,0.47,0.53
SUVS_a72,Sun,Vesta,Quintile,18,20,38,0.47,0.53
SUVS_a90,Sun,Vesta,Square,17,21,38,0.45,0.55
URNE_a45,Uranus,Neptune,SemiSquare,364,380,744,0.49,0.51
URPH_a120,Uranus,Pholus,Trine,232,246,478,0.49,0.51
URPL_a103,Uranus,Pluto,BiSeptile,235,236,471,0.5,0.5
VECE_a0,Venus,Ceres,Conjunction,16,12,28,0.57,0.43
VECE_a103,Venus,Ceres,BiSeptile,20,24,44,0.45,0.55
VECE_a120,Venus,Ceres,Trine,11,14,25,0.44,0.56
VECE_a135,Venus,Ceres,SesquiSquare,11,9,20,0.55,0.45
VECE_a144,Venus,Ceres,BiQuintile,8,13,21,0.38,0.62
VECE_a150,Venus,Ceres,Quincunx,8,12,20,0.4,0.6
VECE_a180,Venus,Ceres,Opposition,5,4,9,0.56,0.44
VECE_a30,Venus,Ceres,SemiSextile,38,36,74,0.51,0.49
VECE_a36,Venus,Ceres,SemiQuintile,21,21,42,0.5,0.5
VECE_a45,Venus,Ceres,SemiSquare,21,21,42,0.5,0.5
VECE_a60,Venus,Ceres,Sextile,29,25,54,0.54,0.46
VECE_a72,Venus,Ceres,Quintile,13,17,30,0.43,0.57
VECE_a90,Venus,Ceres,Square,17,24,41,0.41,0.59
VECH_a0,Venus,Chiron,Conjunction,15,21,36,0.42,0.58
VECH_a103,Venus,Chiron,BiSeptile,14,16,30,0.47,0.53
VECH_a120,Venus,Chiron,Trine,17,11,28,0.61,0.39
VECH_a135,Venus,Chiron,SesquiSquare,16,14,30,0.53,0.47
VECH_a144,Venus,Chiron,BiQuintile,24,22,46,0.52,0.48
VECH_a150,Venus,Chiron,Quincunx,21,25,46,0.46,0.54
VECH_a180,Venus,Chiron,Opposition,6,10,16,0.38,0.62
VECH_a30,Venus,Chiron,SemiSextile,15,14,29,0.52,0.48
VECH_a36,Venus,Chiron,SemiQuintile,15,13,28,0.54,0.46
VECH_a45,Venus,Chiron,SemiSquare,14,17,31,0.45,0.55
VECH_a60,Venus,Chiron,Sextile,22,28,50,0.44,0.56
VECH_a72,Venus,Chiron,Quintile,31,32,63,0.49,0.51
VECH_a90,Venus,Chiron,Square,15,18,33,0.45,0.55
VEJN_a0,Venus,Juno,Conjunction,9,7,16,0.56,0.44
VEJN_a103,Venus,Juno,BiSeptile,21,20,41,0.51,0.49
VEJN_a120,Venus,Juno,Trine,31,19,50,0.62,0.38
VEJN_a135,Venus,Juno,SesquiSquare,12,14,26,0.46,0.54
VEJN_a144,Venus,Juno,BiQuintile,12,14,26,0.46,0.54
VEJN_a150,Venus,Juno,Quincunx,29,24,53,0.55,0.45
VEJN_a180,Venus,Juno,Opposition,4,8,12,0.33,0.67
VEJN_a30,Venus,Juno,SemiSextile,13,23,36,0.36,0.64
VEJN_a36,Venus,Juno,SemiQuintile,14,21,35,0.4,0.6
VEJN_a45,Venus,Juno,SemiSquare,15,19,34,0.44,0.56
VEJN_a60,Venus,Juno,Sextile,20,11,31,0.65,0.35
VEJN_a72,Venus,Juno,Quintile,27,31,58,0.47,0.53
VEJN_a90,Venus,Juno,Square,23,24,47,0.49,0.51
VEJU_a0,Venus,Jupiter,Conjunction,5,9,14,0.36,0.64
VEJU_a103,Venus,Jupiter,BiSeptile,14,19,33,0.42,0.58
VEJU_a120,Venus,Jupiter,Trine,11,20,31,0.35,0.65
VEJU_a135,Venus,Jupiter,SesquiSquare,18,30,48,0.38,0.62
VEJU_a144,Venus,Jupiter,BiQuintile,31,26,57,0.54,0.46
VEJU_a150,Venus,Jupiter,Quincunx,10,21,31,0.32,0.68
VEJU_a180,Venus,Jupiter,Opposition,7,8,15,0.47,0.53
VEJU_a30,Venus,Jupiter,SemiSextile,25,17,42,0.6,0.4
VEJU_a36,Venus,Jupiter,SemiQuintile,26,32,58,0.45,0.55
VEJU_a45,Venus,Jupiter,SemiSquare,13,19,32,0.41,0.59
VEJU_a60,Venus,Jupiter,Sextile,14,15,29,0.48,0.52
VEJU_a72,Venus,Jupiter,Quintile,16,16,32,0.5,0.5
VEJU_a90,Venus,Jupiter,Square,16,18,34,0.47,0.53
VEMA_a0,Venus,Mars,Conjunction,4,10,14,0.29,0.71
VEMA_a103,Venus,Mars,BiSeptile,19,27,46,0.41,0.59
VEMA_a120,Venus,Mars,Trine,35,20,55,0.64,0.36
VEMA_a135,Venus,Mars,SesquiSquare,8,8,16,0.5,0.5
VEMA_a144,Venus,Mars,BiQuintile,6,10,16,0.38,0.62
VEMA_a150,Venus,Mars,Quincunx,8,7,15,0.53,0.47
VEMA_a180,Venus,Mars,Opposition,2,5,7,0.29,0.71
VEMA_a30,Venus,Mars,SemiSextile,17,26,43,0.4,0.6
VEMA_a36,Venus,Mars,SemiQuintile,16,22,38,0.42,0.58
VEMA_a45,Venus,Mars,SemiSquare,22,11,33,0.67,0.33
VEMA_a60,Venus,Mars,Sextile,27,18,45,0.6,0.4
VEMA_a72,Venus,Mars,Quintile,10,24,34,0.29,0.71
VEMA_a90,Venus,Mars,Square,17,29,46,0.37,0.63
VENE_a0,Venus,Neptune,Conjunction,8,8,16,0.5,0.5
VENE_a103,Venus,Neptune,BiSeptile,11,20,31,0.35,0.65
VENE_a120,Venus,Neptune,Trine,17,14,31,0.55,0.45
VENE_a135,Venus,Neptune,SesquiSquare,26,22,48,0.54,0.46
VENE_a144,Venus,Neptune,BiQuintile,12,19,31,0.39,0.61
VENE_a150,Venus,Neptune,Quincunx,13,17,30,0.43,0.57
VENE_a180,Venus,Neptune,Opposition,8,6,14,0.57,0.43
VENE_a30,Venus,Neptune,SemiSextile,23,32,55,0.42,0.58
VENE_a36,Venus,Neptune,SemiQuintile,10,20,30,0.33,0.67
VENE_a45,Venus,Neptune,SemiSquare,10,24,34,0.29,0.71
VENE_a60,Venus,Neptune,Sextile,23,13,36,0.64,0.36
VENE_a72,Venus,Neptune,Quintile,23,13,36,0.64,0.36
VENE_a90,Venus,Neptune,Square,23,33,56,0.41,0.59
VENN_a0,Venus,NNode,Conjunction,4,10,14,0.29,0.71
VENN_a103,Venus,NNode,BiSeptile,13,17,30,0.43,0.57
VENN_a120,Venus,NNode,Trine,13,18,31,0.42,0.58
VENN_a135,Venus,NNode,SesquiSquare,20,16,36,0.56,0.44
VENN_a144,Venus,NNode,BiQuintile,27,29,56,0.48,0.52
VENN_a150,Venus,NNode,Quincunx,20,31,51,0.39,0.61
VENN_a180,Venus,NNode,Opposition,4,15,19,0.21,0.79
VENN_a30,Venus,NNode,SemiSextile,18,14,32,0.56,0.44
VENN_a36,Venus,NNode,SemiQuintile,14,15,29,0.48,0.52
VENN_a45,Venus,NNode,SemiSquare,14,16,30,0.47,0.53
VENN_a60,Venus,NNode,Sextile,14,12,26,0.54,0.46
VENN_a72,Venus,NNode,Quintile,12,17,29,0.41,0.59
VENN_a90,Venus,NNode,Square,16,31,47,0.34,0.66
VEPA_a0,Venus,Pallas,Conjunction,16,13,29,0.55,0.45
VEPA_a103,Venus,Pallas,BiSeptile,12,11,23,0.52,0.48
VEPA_a120,Venus,Pallas,Trine,9,14,23,0.39,0.61
VEPA_a135,Venus,Pallas,SesquiSquare,22,15,37,0.59,0.41
VEPA_a144,Venus,Pallas,BiQuintile,10,12,22,0.45,0.55
VEPA_a150,Venus,Pallas,Quincunx,10,12,22,0.45,0.55
VEPA_a180,Venus,Pallas,Opposition,5,6,11,0.45,0.55
VEPA_a30,Venus,Pallas,SemiSextile,15,33,48,0.31,0.69
VEPA_a36,Venus,Pallas,SemiQuintile,29,18,47,0.62,0.38
VEPA_a45,Venus,Pallas,SemiSquare,19,31,50,0.38,0.62
VEPA_a60,Venus,Pallas,Sextile,25,23,48,0.52,0.48
VEPA_a72,Venus,Pallas,Quintile,15,12,27,0.56,0.44
VEPA_a90,Venus,Pallas,Square,11,16,27,0.41,0.59
VEPH_a0,Venus,Pholus,Conjunction,10,8,18,0.56,0.44
VEPH_a103,Venus,Pholus,BiSeptile,26,28,54,0.48,0.52
VEPH_a120,Venus,Pholus,Trine,11,19,30,0.37,0.63
VEPH_a135,Venus,Pholus,SesquiSquare,11,17,28,0.39,0.61
VEPH_a144,Venus,Pholus,BiQuintile,19,12,31,0.61,0.39
VEPH_a150,Venus,Pholus,Quincunx,15,15,30,0.5,0.5
VEPH_a180,Venus,Pholus,Opposition,4,12,16,0.25,0.75
VEPH_a30,Venus,Pholus,SemiSextile,12,21,33,0.36,0.64
VEPH_a36,Venus,Pholus,SemiQuintile,15,17,32,0.47,0.53
VEPH_a45,Venus,Pholus,SemiSquare,15,16,31,0.48,0.52
VEPH_a60,Venus,Pholus,Sextile,29,18,47,0.62,0.38
VEPH_a72,Venus,Pholus,Quintile,18,11,29,0.62,0.38
VEPH_a90,Venus,Pholus,Square,25,27,52,0.48,0.52
VEPL_a0,Venus,Pluto,Conjunction,9,7,16,0.56,0.44
VEPL_a103,Venus,Pluto,BiSeptile,10,19,29,0.34,0.66
VEPL_a120,Venus,Pluto,Trine,13,18,31,0.42,0.58
VEPL_a135,Venus,Pluto,SesquiSquare,24,23,47,0.51,0.49
VEPL_a144,Venus,Pluto,BiQuintile,23,29,52,0.44,0.56
VEPL_a150,Venus,Pluto,Quincunx,17,11,28,0.61,0.39
VEPL_a180,Venus,Pluto,Opposition,6,8,14,0.43,0.57
VEPL_a30,Venus,Pluto,SemiSextile,18,15,33,0.55,0.45
VEPL_a36,Venus,Pluto,SemiQuintile,16,16,32,0.5,0.5
VEPL_a45,Venus,Pluto,SemiSquare,15,13,28,0.54,0.46
VEPL_a60,Venus,Pluto,Sextile,13,16,29,0.45,0.55
VEPL_a72,Venus,Pluto,Quintile,32,33,65,0.49,0.51
VEPL_a90,Venus,Pluto,Square,14,20,34,0.41,0.59
VESA_a0,Venus,Saturn,Conjunction,8,4,12,0.67,0.33
VESA_a103,Venus,Saturn,BiSeptile,26,23,49,0.53,0.47
VESA_a120,Venus,Saturn,Trine,21,10,31,0.68,0.32
VESA_a135,Venus,Saturn,SesquiSquare,30,16,46,0.65,0.35
VESA_a144,Venus,Saturn,BiQuintile,12,19,31,0.39,0.61
VESA_a150,Venus,Saturn,Quincunx,17,13,30,0.57,0.43
VESA_a180,Venus,Saturn,Opposition,4,8,12,0.33,0.67
VESA_a30,Venus,Saturn,SemiSextile,16,16,32,0.5,0.5
VESA_a36,Venus,Saturn,SemiQuintile,17,15,32,0.53,0.47
VESA_a45,Venus,Saturn,SemiSquare,15,17,32,0.47,0.53
VESA_a60,Venus,Saturn,Sextile,25,19,44,0.57,0.43
VESA_a72,Venus,Saturn,Quintile,19,29,48,0.4,0.6
VESA_a90,Venus,Saturn,Square,20,34,54,0.37,0.63
VESN_a0,Venus,SNode,Conjunction,4,15,19,0.21,0.79
VESN_a103,Venus,SNode,BiSeptile,19,10,29,0.66,0.34
VESN_a120,Venus,SNode,Trine,14,12,26,0.54,0.46
VESN_a135,Venus,SNode,SesquiSquare,14,16,30,0.47,0.53
VESN_a144,Venus,SNode,BiQuintile,14,15,29,0.48,0.52
VESN_a150,Venus,SNode,Quincunx,18,14,32,0.56,0.44
VESN_a180,Venus,SNode,Opposition,4,10,14,0.29,0.71
VESN_a30,Venus,SNode,SemiSextile,20,31,51,0.39,0.61
VESN_a36,Venus,SNode,SemiQuintile,28,29,57,0.49,0.51
VESN_a45,Venus,SNode,SemiSquare,20,16,36,0.56,0.44
VESN_a60,Venus,SNode,Sextile,13,18,31,0.42,0.58
VESN_a72,Venus,SNode,Quintile,16,14,30,0.53,0.47
VESN_a90,Venus,SNode,Square,16,31,47,0.34,0.66
VESU_a0,Venus,Sun,Conjunction,14,27,41,0.34,0.66
VESU_a30,Venus,Sun,SemiSextile,53,62,115,0.46,0.54
VESU_a36,Venus,Sun,SemiQuintile,68,69,137,0.5,0.5
VESU_a45,Venus,Sun,SemiSquare,160,202,362,0.44,0.56
VEUR_a0,Venus,Uranus,Conjunction,5,12,17,0.29,0.71
VEUR_a103,Venus,Uranus,BiSeptile,15,18,33,0.45,0.55
VEUR_a120,Venus,Uranus,Trine,18,14,32,0.56,0.44
VEUR_a135,Venus,Uranus,SesquiSquare,14,16,30,0.47,0.53
VEUR_a144,Venus,Uranus,BiQuintile,13,17,30,0.43,0.57
VEUR_a150,Venus,Uranus,Quincunx,13,16,29,0.45,0.55
VEUR_a180,Venus,Uranus,Opposition,15,18,33,0.45,0.55
VEUR_a30,Venus,Uranus,SemiSextile,22,25,47,0.47,0.53
VEUR_a36,Venus,Uranus,SemiQuintile,25,19,44,0.57,0.43
VEUR_a45,Venus,Uranus,SemiSquare,21,27,48,0.44,0.56
VEUR_a60,Venus,Uranus,Sextile,13,18,31,0.42,0.58
VEUR_a72,Venus,Uranus,Quintile,16,14,30,0.53,0.47
VEUR_a90,Venus,Uranus,Square,11,18,29,0.38,0.62
VEVS_a0,Venus,Vesta,Conjunction,16,18,34,0.47,0.53
VEVS_a103,Venus,Vesta,BiSeptile,22,20,42,0.52,0.48
VEVS_a120,Venus,Vesta,Trine,19,21,40,0.48,0.52
VEVS_a135,Venus,Vesta,SesquiSquare,8,13,21,0.38,0.62
VEVS_a144,Venus,Vesta,BiQuintile,8,13,21,0.38,0.62
VEVS_a150,Venus,Vesta,Quincunx,9,10,19,0.47,0.53
VEVS_a180,Venus,Vesta,Opposition,3,8,11,0.27,0.73
VEVS_a30,Venus,Vesta,SemiSextile,26,23,49,0.53,0.47
VEVS_a36,Venus,Vesta,SemiQuintile,33,29,62,0.53,0.47
VEVS_a45,Venus,Vesta,SemiSquare,15,16,31,0.48,0.52
VEVS_a60,Venus,Vesta,Sextile,18,27,45,0.4,0.6
VEVS_a72,Venus,Vesta,Quintile,24,16,40,0.6,0.4
VEVS_a90,Venus,Vesta,Square,16,40,56,0.29,0.71
VSCE_a103,Vesta,Ceres,BiSeptile,71,95,166,0.43,0.57
VSCE_a120,Vesta,Ceres,Trine,18,22,40,0.45,0.55
VSCE_a135,Vesta,Ceres,SesquiSquare,12,26,38,0.32,0.68
VSCE_a144,Vesta,Ceres,BiQuintile,34,37,71,0.48,0.52
VSCE_a150,Vesta,Ceres,Quincunx,14,6,20,0.7,0.3
VSCE_a180,Vesta,Ceres,Opposition,10,10,20,0.5,0.5
VSCE_a60,Vesta,Ceres,Sextile,35,37,72,0.49,0.51
VSCE_a72,Vesta,Ceres,Quintile,14,12,26,0.54,0.46
VSCE_a90,Vesta,Ceres,Square,24,27,51,0.47,0.53
VSCH_a0,Vesta,Chiron,Conjunction,7,3,10,0.7,0.3
VSCH_a103,Vesta,Chiron,BiSeptile,15,6,21,0.71,0.29
VSCH_a120,Vesta,Chiron,Trine,26,28,54,0.48,0.52
VSCH_a135,Vesta,Chiron,SesquiSquare,30,43,73,0.41,0.59
VSCH_a144,Vesta,Chiron,BiQuintile,14,14,28,0.5,0.5
VSCH_a150,Vesta,Chiron,Quincunx,16,12,28,0.57,0.43
VSCH_a180,Vesta,Chiron,Opposition,1,7,8,0.12,0.88
VSCH_a30,Vesta,Chiron,SemiSextile,9,11,20,0.45,0.55
VSCH_a36,Vesta,Chiron,SemiQuintile,8,13,21,0.38,0.62
VSCH_a45,Vesta,Chiron,SemiSquare,24,40,64,0.38,0.62
VSCH_a60,Vesta,Chiron,Sextile,15,7,22,0.68,0.32
VSCH_a72,Vesta,Chiron,Quintile,10,10,20,0.5,0.5
VSCH_a90,Vesta,Chiron,Square,26,35,61,0.43,0.57
VSJN_a103,Vesta,Juno,BiSeptile,26,18,44,0.59,0.41
VSJN_a120,Vesta,Juno,Trine,15,32,47,0.32,0.68
VSJN_a135,Vesta,Juno,SesquiSquare,18,27,45,0.4,0.6
VSJN_a144,Vesta,Juno,BiQuintile,21,34,55,0.38,0.62
VSJN_a150,Vesta,Juno,Quincunx,26,33,59,0.44,0.56
VSJN_a72,Vesta,Juno,Quintile,91,102,193,0.47,0.53
VSJN_a90,Vesta,Juno,Square,31,44,75,0.41,0.59
VSJU_a0,Vesta,Jupiter,Conjunction,8,5,13,0.62,0.38
VSJU_a103,Vesta,Jupiter,BiSeptile,3,5,8,0.38,0.62
VSJU_a120,Vesta,Jupiter,Trine,6,6,12,0.5,0.5
VSJU_a135,Vesta,Jupiter,SesquiSquare,48,27,75,0.64,0.36
VSJU_a144,Vesta,Jupiter,BiQuintile,15,23,38,0.39,0.61
VSJU_a150,Vesta,Jupiter,Quincunx,20,21,41,0.49,0.51
VSJU_a180,Vesta,Jupiter,Opposition,4,3,7,0.57,0.43
VSJU_a30,Vesta,Jupiter,SemiSextile,8,18,26,0.31,0.69
VSJU_a36,Vesta,Jupiter,SemiQuintile,18,30,48,0.38,0.62
VSJU_a45,Vesta,Jupiter,SemiSquare,39,44,83,0.47,0.53
VSJU_a60,Vesta,Jupiter,Sextile,17,9,26,0.65,0.35
VSJU_a72,Vesta,Jupiter,Quintile,12,32,44,0.27,0.73
VSJU_a90,Vesta,Jupiter,Square,24,35,59,0.41,0.59
VSNE_a0,Vesta,Neptune,Conjunction,3,6,9,0.33,0.67
VSNE_a103,Vesta,Neptune,BiSeptile,6,13,19,0.32,0.68
VSNE_a120,Vesta,Neptune,Trine,8,9,17,0.47,0.53
VSNE_a135,Vesta,Neptune,SesquiSquare,21,27,48,0.44,0.56
VSNE_a144,Vesta,Neptune,BiQuintile,29,42,71,0.41,0.59
VSNE_a150,Vesta,Neptune,Quincunx,17,11,28,0.61,0.39
VSNE_a180,Vesta,Neptune,Opposition,21,21,42,0.5,0.5
VSNE_a30,Vesta,Neptune,SemiSextile,9,10,19,0.47,0.53
VSNE_a36,Vesta,Neptune,SemiQuintile,13,5,18,0.72,0.28
VSNE_a45,Vesta,Neptune,SemiSquare,13,7,20,0.65,0.35
VSNE_a60,Vesta,Neptune,Sextile,26,36,62,0.42,0.58
VSNE_a72,Vesta,Neptune,Quintile,53,57,110,0.48,0.52
VSNE_a90,Vesta,Neptune,Square,13,9,22,0.59,0.41
VSNN_a0,Vesta,NNode,Conjunction,7,10,17,0.41,0.59
VSNN_a103,Vesta,NNode,BiSeptile,4,12,16,0.25,0.75
VSNN_a120,Vesta,NNode,Trine,9,8,17,0.53,0.47
VSNN_a135,Vesta,NNode,SesquiSquare,21,24,45,0.47,0.53
VSNN_a144,Vesta,NNode,BiQuintile,30,47,77,0.39,0.61
VSNN_a150,Vesta,NNode,Quincunx,10,9,19,0.53,0.47
VSNN_a180,Vesta,NNode,Opposition,4,4,8,0.5,0.5
VSNN_a30,Vesta,NNode,SemiSextile,25,21,46,0.54,0.46
VSNN_a36,Vesta,NNode,SemiQuintile,27,49,76,0.36,0.64
VSNN_a45,Vesta,NNode,SemiSquare,23,43,66,0.35,0.65
VSNN_a60,Vesta,NNode,Sextile,11,16,27,0.41,0.59
VSNN_a72,Vesta,NNode,Quintile,14,12,26,0.54,0.46
VSNN_a90,Vesta,NNode,Square,20,14,34,0.59,0.41
VSPA_a120,Vesta,Pallas,Trine,23,25,48,0.48,0.52
VSPA_a135,Vesta,Pallas,SesquiSquare,64,53,117,0.55,0.45
VSPA_a144,Vesta,Pallas,BiQuintile,43,59,102,0.42,0.58
VSPA_a150,Vesta,Pallas,Quincunx,43,42,85,0.51,0.49
VSPA_a180,Vesta,Pallas,Opposition,13,16,29,0.45,0.55
VSPH_a0,Vesta,Pholus,Conjunction,21,35,56,0.38,0.62
VSPH_a103,Vesta,Pholus,BiSeptile,31,32,63,0.49,0.51
VSPH_a120,Vesta,Pholus,Trine,15,15,30,0.5,0.5
VSPH_a135,Vesta,Pholus,SesquiSquare,26,40,66,0.39,0.61
VSPH_a144,Vesta,Pholus,BiQuintile,38,55,93,0.41,0.59
VSPH_a150,Vesta,Pholus,Quincunx,25,30,55,0.45,0.55
VSPH_a180,Vesta,Pholus,Opposition,2,7,9,0.22,0.78
VSPH_a30,Vesta,Pholus,SemiSextile,7,12,19,0.37,0.63
VSPH_a36,Vesta,Pholus,SemiQuintile,9,10,19,0.47,0.53
VSPH_a45,Vesta,Pholus,SemiSquare,9,10,19,0.47,0.53
VSPH_a60,Vesta,Pholus,Sextile,8,9,17,0.47,0.53
VSPH_a72,Vesta,Pholus,Quintile,5,12,17,0.29,0.71
VSPH_a90,Vesta,Pholus,Square,9,8,17,0.53,0.47
VSPL_a0,Vesta,Pluto,Conjunction,8,2,10,0.8,0.2
VSPL_a103,Vesta,Pluto,BiSeptile,12,6,18,0.67,0.33
VSPL_a120,Vesta,Pluto,Trine,18,34,52,0.35,0.65
VSPL_a135,Vesta,Pluto,SesquiSquare,18,13,31,0.58,0.42
VSPL_a144,Vesta,Pluto,BiQuintile,11,18,29,0.38,0.62
VSPL_a150,Vesta,Pluto,Quincunx,12,17,29,0.41,0.59
VSPL_a180,Vesta,Pluto,Opposition,23,15,38,0.61,0.39
VSPL_a30,Vesta,Pluto,SemiSextile,7,14,21,0.33,0.67
VSPL_a36,Vesta,Pluto,SemiQuintile,9,10,19,0.47,0.53
VSPL_a45,Vesta,Pluto,SemiSquare,10,9,19,0.53,0.47
VSPL_a60,Vesta,Pluto,Sextile,13,5,18,0.72,0.28
VSPL_a72,Vesta,Pluto,Quintile,12,6,18,0.67,0.33
VSPL_a90,Vesta,Pluto,Square,8,9,17,0.47,0.53
VSSA_a0,Vesta,Saturn,Conjunction,8,6,14,0.57,0.43
VSSA_a103,Vesta,Saturn,BiSeptile,15,2,17,0.88,0.12
VSSA_a120,Vesta,Saturn,Trine,18,29,47,0.38,0.62
VSSA_a135,Vesta,Saturn,SesquiSquare,44,53,97,0.45,0.55
VSSA_a144,Vesta,Saturn,BiQuintile,15,30,45,0.33,0.67
VSSA_a150,Vesta,Saturn,Quincunx,21,21,42,0.5,0.5
VSSA_a180,Vesta,Saturn,Opposition,4,4,8,0.5,0.5
VSSA_a30,Vesta,Saturn,SemiSextile,13,9,22,0.59,0.41
VSSA_a36,Vesta,Saturn,SemiQuintile,9,13,22,0.41,0.59
VSSA_a45,Vesta,Saturn,SemiSquare,11,11,22,0.5,0.5
VSSA_a60,Vesta,Saturn,Sextile,12,8,20,0.6,0.4
VSSA_a72,Vesta,Saturn,Quintile,11,8,19,0.58,0.42
VSSA_a90,Vesta,Saturn,Square,10,8,18,0.56,0.44
VSSN_a0,Vesta,SNode,Conjunction,4,4,8,0.5,0.5
VSSN_a103,Vesta,SNode,BiSeptile,20,7,27,0.74,0.26
VSSN_a120,Vesta,SNode,Trine,11,16,27,0.41,0.59
VSSN_a135,Vesta,SNode,SesquiSquare,23,43,66,0.35,0.65
VSSN_a144,Vesta,SNode,BiQuintile,27,49,76,0.36,0.64
VSSN_a150,Vesta,SNode,Quincunx,25,21,46,0.54,0.46
VSSN_a180,Vesta,SNode,Opposition,7,10,17,0.41,0.59
VSSN_a30,Vesta,SNode,SemiSextile,10,9,19,0.53,0.47
VSSN_a36,Vesta,SNode,SemiQuintile,30,47,77,0.39,0.61
VSSN_a45,Vesta,SNode,SemiSquare,21,24,45,0.47,0.53
VSSN_a60,Vesta,SNode,Sextile,9,8,17,0.53,0.47
VSSN_a72,Vesta,SNode,Quintile,7,8,15,0.47,0.53
VSSN_a90,Vesta,SNode,Square,20,14,34,0.59,0.41
VSUR_a0,Vesta,Uranus,Conjunction,7,5,12,0.58,0.42
VSUR_a103,Vesta,Uranus,BiSeptile,38,58,96,0.4,0.6
VSUR_a120,Vesta,Uranus,Trine,31,31,62,0.5,0.5
VSUR_a135,Vesta,Uranus,SesquiSquare,31,25,56,0.55,0.45
VSUR_a144,Vesta,Uranus,BiQuintile,7,10,17,0.41,0.59
VSUR_a150,Vesta,Uranus,Quincunx,8,8,16,0.5,0.5
VSUR_a180,Vesta,Uranus,Opposition,5,3,8,0.62,0.38
VSUR_a30,Vesta,Uranus,SemiSextile,18,5,23,0.78,0.22
VSUR_a36,Vesta,Uranus,SemiQuintile,13,8,21,0.62,0.38
VSUR_a45,Vesta,Uranus,SemiSquare,9,12,21,0.43,0.57
VSUR_a60,Vesta,Uranus,Sextile,7,12,19,0.37,0.63
VSUR_a72,Vesta,Uranus,Quintile,12,7,19,0.63,0.37
VSUR_a90,Vesta,Uranus,Square,29,39,68,0.43,0.57
