PlanetAspectCountRange,Planet,Aspect,CountRange,Buy,Sell,DaysN,BuyDays%,SellDays%
"CE_a0_(0,2]",Ceres,Conjunction,"(0,2]",215,197,412,0.52,0.48
CE_a0_0,Ceres,Conjunction,0,1790,1620,3410,0.52,0.48
"CE_a103_(0,3]",Ceres,BiSeptile,"(0,3]",408,323,731,0.56,0.44
CE_a103_0,Ceres,BiSeptile,0,1597,1494,3091,0.52,0.48
"CE_a120_(0,3]",Ceres,Trine,"(0,3]",276,308,584,0.47,0.53
CE_a120_0,Ceres,Trine,0,1729,1509,3238,0.53,0.47
"CE_a135_(0,3]",Ceres,SesquiSquare,"(0,3]",402,325,727,0.55,0.45
CE_a135_0,Ceres,SesquiSquare,0,1603,1492,3095,0.52,0.48
"CE_a144_(0,3]",Ceres,BiQuintile,"(0,3]",379,370,749,0.51,0.49
CE_a144_0,Ceres,BiQuintile,0,1626,1447,3073,0.53,0.47
"CE_a150_(0,3]",Ceres,Quincunx,"(0,3]",340,309,649,0.52,0.48
CE_a150_0,Ceres,Quincunx,0,1665,1508,3173,0.52,0.48
"CE_a180_(0,2]",Ceres,Opposition,"(0,2]",181,164,345,0.52,0.48
CE_a180_0,Ceres,Opposition,0,1824,1653,3477,0.52,0.48
"CE_a30_(0,1]",Ceres,SemiSextile,"(0,1]",508,448,956,0.53,0.47
"CE_a30_(1,3]",Ceres,SemiSextile,"(1,3]",82,51,133,0.62,0.38
CE_a30_0,Ceres,SemiSextile,0,1415,1318,2733,0.52,0.48
"CE_a36_(0,1]",Ceres,SemiQuintile,"(0,1]",429,404,833,0.52,0.48
"CE_a36_(1,4]",Ceres,SemiQuintile,"(1,4]",119,91,210,0.57,0.43
CE_a36_0,Ceres,SemiQuintile,0,1457,1322,2779,0.52,0.48
"CE_a45_(0,3]",Ceres,SemiSquare,"(0,3]",453,473,926,0.49,0.51
CE_a45_0,Ceres,SemiSquare,0,1552,1344,2896,0.54,0.46
"CE_a60_(0,3]",Ceres,Sextile,"(0,3]",471,370,841,0.56,0.44
CE_a60_0,Ceres,Sextile,0,1534,1447,2981,0.51,0.49
"CE_a72_(0,3]",Ceres,Quintile,"(0,3]",400,390,790,0.51,0.49
CE_a72_0,Ceres,Quintile,0,1605,1427,3032,0.53,0.47
"CE_a90_(0,3]",Ceres,Square,"(0,3]",347,300,647,0.54,0.46
CE_a90_0,Ceres,Square,0,1658,1517,3175,0.52,0.48
"CH_a0_(0,1]",Chiron,Conjunction,"(0,1]",227,167,394,0.58,0.42
CH_a0_0,Chiron,Conjunction,0,1778,1650,3428,0.52,0.48
CH_a103_0,Chiron,BiSeptile,0,2005,1817,3822,0.52,0.48
CH_a120_0,Chiron,Trine,0,2005,1817,3822,0.52,0.48
CH_a135_0,Chiron,SesquiSquare,0,2005,1817,3822,0.52,0.48
CH_a144_0,Chiron,BiQuintile,0,2005,1817,3822,0.52,0.48
CH_a150_0,Chiron,Quincunx,0,2005,1817,3822,0.52,0.48
CH_a180_0,Chiron,Opposition,0,2005,1817,3822,0.52,0.48
CH_a30_0,Chiron,SemiSextile,0,580,533,1113,0.52,0.48
CH_a30_1,Chiron,SemiSextile,1,1425,1284,2709,0.53,0.47
"CH_a36_(0,2]",Chiron,SemiQuintile,"(0,2]",147,103,250,0.59,0.41
CH_a36_0,Chiron,SemiQuintile,0,1858,1714,3572,0.52,0.48
"CH_a45_(0,2]",Chiron,SemiSquare,"(0,2]",182,124,306,0.59,0.41
CH_a45_0,Chiron,SemiSquare,0,1823,1693,3516,0.52,0.48
"CH_a60_(0,1]",Chiron,Sextile,"(0,1]",275,267,542,0.51,0.49
CH_a60_0,Chiron,Sextile,0,1730,1550,3280,0.53,0.47
"CH_a72_(0,1]",Chiron,Quintile,"(0,1]",485,429,914,0.53,0.47
CH_a72_0,Chiron,Quintile,0,1520,1388,2908,0.52,0.48
"CH_a90_(0,1]",Chiron,Square,"(0,1]",279,273,552,0.51,0.49
CH_a90_0,Chiron,Square,0,1726,1544,3270,0.53,0.47
"JN_a0_(0,2]",Juno,Conjunction,"(0,2]",195,162,357,0.55,0.45
JN_a0_0,Juno,Conjunction,0,1810,1655,3465,0.52,0.48
"JN_a103_(0,4]",Juno,BiSeptile,"(0,4]",463,485,948,0.49,0.51
JN_a103_0,Juno,BiSeptile,0,1542,1332,2874,0.54,0.46
"JN_a120_(0,3]",Juno,Trine,"(0,3]",571,508,1079,0.53,0.47
JN_a120_0,Juno,Trine,0,1434,1309,2743,0.52,0.48
"JN_a135_(0,3]",Juno,SesquiSquare,"(0,3]",455,404,859,0.53,0.47
JN_a135_0,Juno,SesquiSquare,0,1550,1413,2963,0.52,0.48
"JN_a144_(0,3]",Juno,BiQuintile,"(0,3]",472,425,897,0.53,0.47
JN_a144_0,Juno,BiQuintile,0,1533,1392,2925,0.52,0.48
"JN_a150_(0,3]",Juno,Quincunx,"(0,3]",486,455,941,0.52,0.48
JN_a150_0,Juno,Quincunx,0,1519,1362,2881,0.53,0.47
"JN_a180_(0,3]",Juno,Opposition,"(0,3]",270,236,506,0.53,0.47
JN_a180_0,Juno,Opposition,0,1735,1581,3316,0.52,0.48
"JN_a30_(0,3]",Juno,SemiSextile,"(0,3]",434,371,805,0.54,0.46
JN_a30_0,Juno,SemiSextile,0,1571,1446,3017,0.52,0.48
"JN_a36_(0,3]",Juno,SemiQuintile,"(0,3]",374,327,701,0.53,0.47
JN_a36_0,Juno,SemiQuintile,0,1631,1490,3121,0.52,0.48
"JN_a45_(0,3]",Juno,SemiSquare,"(0,3]",394,347,741,0.53,0.47
JN_a45_0,Juno,SemiSquare,0,1611,1470,3081,0.52,0.48
"JN_a60_(0,3]",Juno,Sextile,"(0,3]",454,421,875,0.52,0.48
JN_a60_0,Juno,Sextile,0,1551,1396,2947,0.53,0.47
"JN_a72_(0,3]",Juno,Quintile,"(0,3]",414,371,785,0.53,0.47
JN_a72_0,Juno,Quintile,0,1591,1446,3037,0.52,0.48
"JN_a90_(0,3]",Juno,Square,"(0,3]",445,408,853,0.52,0.48
JN_a90_0,Juno,Square,0,1560,1409,2969,0.53,0.47
"JU_a0_(0,2]",Jupiter,Conjunction,"(0,2]",242,190,432,0.56,0.44
JU_a0_0,Jupiter,Conjunction,0,1763,1627,3390,0.52,0.48
"JU_a103_(0,2]",Jupiter,BiSeptile,"(0,2]",304,295,599,0.51,0.49
JU_a103_0,Jupiter,BiSeptile,0,1701,1522,3223,0.53,0.47
"JU_a120_(0,3]",Jupiter,Trine,"(0,3]",312,302,614,0.51,0.49
JU_a120_0,Jupiter,Trine,0,1693,1515,3208,0.53,0.47
"JU_a135_(0,3]",Jupiter,SesquiSquare,"(0,3]",288,280,568,0.51,0.49
JU_a135_0,Jupiter,SesquiSquare,0,1717,1537,3254,0.53,0.47
"JU_a144_(0,3]",Jupiter,BiQuintile,"(0,3]",276,285,561,0.49,0.51
JU_a144_0,Jupiter,BiQuintile,0,1729,1532,3261,0.53,0.47
"JU_a150_(0,3]",Jupiter,Quincunx,"(0,3]",358,355,713,0.5,0.5
JU_a150_0,Jupiter,Quincunx,0,1647,1462,3109,0.53,0.47
"JU_a180_(0,2]",Jupiter,Opposition,"(0,2]",205,183,388,0.53,0.47
JU_a180_0,Jupiter,Opposition,0,1800,1634,3434,0.52,0.48
"JU_a30_(0,3]",Jupiter,SemiSextile,"(0,3]",371,353,724,0.51,0.49
JU_a30_0,Jupiter,SemiSextile,0,1634,1464,3098,0.53,0.47
"JU_a36_(0,3]",Jupiter,SemiQuintile,"(0,3]",351,317,668,0.53,0.47
JU_a36_0,Jupiter,SemiQuintile,0,1654,1500,3154,0.52,0.48
"JU_a45_(0,2]",Jupiter,SemiSquare,"(0,2]",343,292,635,0.54,0.46
JU_a45_0,Jupiter,SemiSquare,0,1662,1525,3187,0.52,0.48
"JU_a60_(0,3]",Jupiter,Sextile,"(0,3]",414,324,738,0.56,0.44
JU_a60_0,Jupiter,Sextile,0,1591,1493,3084,0.52,0.48
"JU_a72_(0,3]",Jupiter,Quintile,"(0,3]",367,303,670,0.55,0.45
JU_a72_0,Jupiter,Quintile,0,1638,1514,3152,0.52,0.48
"JU_a90_(0,3]",Jupiter,Square,"(0,3]",394,305,699,0.56,0.44
JU_a90_0,Jupiter,Square,0,1611,1512,3123,0.52,0.48
"MA_a0_(0,3]",Mars,Conjunction,"(0,3]",265,269,534,0.5,0.5
MA_a0_0,Mars,Conjunction,0,1740,1548,3288,0.53,0.47
"MA_a103_(0,1]",Mars,BiSeptile,"(0,1]",463,400,863,0.54,0.46
"MA_a103_(1,4]",Mars,BiSeptile,"(1,4]",54,62,116,0.47,0.53
MA_a103_0,Mars,BiSeptile,0,1488,1355,2843,0.52,0.48
"MA_a120_(0,1]",Mars,Trine,"(0,1]",404,404,808,0.5,0.5
"MA_a120_(1,3]",Mars,Trine,"(1,3]",51,50,101,0.5,0.5
MA_a120_0,Mars,Trine,0,1550,1363,2913,0.53,0.47
"MA_a135_(0,4]",Mars,SesquiSquare,"(0,4]",501,479,980,0.51,0.49
MA_a135_0,Mars,SesquiSquare,0,1504,1338,2842,0.53,0.47
"MA_a144_(0,1]",Mars,BiQuintile,"(0,1]",464,399,863,0.54,0.46
"MA_a144_(1,4]",Mars,BiQuintile,"(1,4]",77,79,156,0.49,0.51
MA_a144_0,Mars,BiQuintile,0,1464,1339,2803,0.52,0.48
"MA_a150_(0,1]",Mars,Quincunx,"(0,1]",483,436,919,0.53,0.47
"MA_a150_(1,4]",Mars,Quincunx,"(1,4]",60,65,125,0.48,0.52
MA_a150_0,Mars,Quincunx,0,1462,1316,2778,0.53,0.47
"MA_a180_(0,3]",Mars,Opposition,"(0,3]",264,259,523,0.5,0.5
MA_a180_0,Mars,Opposition,0,1741,1558,3299,0.53,0.47
"MA_a30_(0,1]",Mars,SemiSextile,"(0,1]",493,444,937,0.53,0.47
"MA_a30_(1,3]",Mars,SemiSextile,"(1,3]",63,53,116,0.54,0.46
MA_a30_0,Mars,SemiSextile,0,1449,1320,2769,0.52,0.48
"MA_a36_(0,1]",Mars,SemiQuintile,"(0,1]",446,399,845,0.53,0.47
"MA_a36_(1,4]",Mars,SemiQuintile,"(1,4]",74,78,152,0.49,0.51
MA_a36_0,Mars,SemiQuintile,0,1485,1340,2825,0.53,0.47
"MA_a45_(0,1]",Mars,SemiSquare,"(0,1]",466,449,915,0.51,0.49
"MA_a45_(1,4]",Mars,SemiSquare,"(1,4]",67,48,115,0.58,0.42
MA_a45_0,Mars,SemiSquare,0,1472,1320,2792,0.53,0.47
"MA_a60_(0,1]",Mars,Sextile,"(0,1]",438,391,829,0.53,0.47
"MA_a60_(1,5]",Mars,Sextile,"(1,5]",84,64,148,0.57,0.43
MA_a60_0,Mars,Sextile,0,1483,1362,2845,0.52,0.48
"MA_a72_(0,1]",Mars,Quintile,"(0,1]",460,414,874,0.53,0.47
"MA_a72_(1,4]",Mars,Quintile,"(1,4]",44,55,99,0.44,0.56
MA_a72_0,Mars,Quintile,0,1501,1348,2849,0.53,0.47
"MA_a90_(0,4]",Mars,Square,"(0,4]",511,466,977,0.52,0.48
MA_a90_0,Mars,Square,0,1494,1351,2845,0.53,0.47
"ME_a0_(0,1]",Mercury,Conjunction,"(0,1]",460,421,881,0.52,0.48
"ME_a0_(1,4]",Mercury,Conjunction,"(1,4]",77,85,162,0.48,0.52
ME_a0_0,Mercury,Conjunction,0,1468,1311,2779,0.53,0.47
"ME_a103_(0,1]",Mercury,BiSeptile,"(0,1]",481,432,913,0.53,0.47
"ME_a103_(1,4]",Mercury,BiSeptile,"(1,4]",46,69,115,0.4,0.6
ME_a103_0,Mercury,BiSeptile,0,1478,1316,2794,0.53,0.47
"ME_a120_(0,1]",Mercury,Trine,"(0,1]",508,470,978,0.52,0.48
"ME_a120_(1,3]",Mercury,Trine,"(1,3]",98,97,195,0.5,0.5
ME_a120_0,Mercury,Trine,0,1399,1250,2649,0.53,0.47
"ME_a135_(0,3]",Mercury,SesquiSquare,"(0,3]",483,416,899,0.54,0.46
ME_a135_0,Mercury,SesquiSquare,0,1522,1401,2923,0.52,0.48
"ME_a144_(0,1]",Mercury,BiQuintile,"(0,1]",424,379,803,0.53,0.47
"ME_a144_(1,4]",Mercury,BiQuintile,"(1,4]",50,52,102,0.49,0.51
ME_a144_0,Mercury,BiQuintile,0,1531,1386,2917,0.52,0.48
"ME_a150_(0,4]",Mercury,Quincunx,"(0,4]",461,392,853,0.54,0.46
ME_a150_0,Mercury,Quincunx,0,1544,1425,2969,0.52,0.48
"ME_a180_(0,3]",Mercury,Opposition,"(0,3]",211,219,430,0.49,0.51
ME_a180_0,Mercury,Opposition,0,1794,1598,3392,0.53,0.47
"ME_a30_(0,1]",Mercury,SemiSextile,"(0,1]",659,564,1223,0.54,0.46
"ME_a30_(1,5]",Mercury,SemiSextile,"(1,5]",126,142,268,0.47,0.53
ME_a30_0,Mercury,SemiSextile,0,1220,1111,2331,0.52,0.48
"ME_a36_(0,1]",Mercury,SemiQuintile,"(0,1]",557,507,1064,0.52,0.48
"ME_a36_(1,4]",Mercury,SemiQuintile,"(1,4]",118,140,258,0.46,0.54
ME_a36_0,Mercury,SemiQuintile,0,1330,1170,2500,0.53,0.47
"ME_a45_(0,1]",Mercury,SemiSquare,"(0,1]",586,572,1158,0.51,0.49
"ME_a45_(1,4]",Mercury,SemiSquare,"(1,4]",133,91,224,0.59,0.41
ME_a45_0,Mercury,SemiSquare,0,1286,1154,2440,0.53,0.47
"ME_a60_(0,1]",Mercury,Sextile,"(0,1]",621,583,1204,0.52,0.48
"ME_a60_(1,4]",Mercury,Sextile,"(1,4]",137,100,237,0.58,0.42
ME_a60_0,Mercury,Sextile,0,1247,1134,2381,0.52,0.48
"ME_a72_(0,1]",Mercury,Quintile,"(0,1]",512,454,966,0.53,0.47
"ME_a72_(1,4]",Mercury,Quintile,"(1,4]",110,104,214,0.51,0.49
ME_a72_0,Mercury,Quintile,0,1383,1259,2642,0.52,0.48
"ME_a90_(0,1]",Mercury,Square,"(0,1]",434,370,804,0.54,0.46
"ME_a90_(1,4]",Mercury,Square,"(1,4]",86,65,151,0.57,0.43
ME_a90_0,Mercury,Square,0,1485,1382,2867,0.52,0.48
"MO_a0_(0,1]",Moon,Conjunction,"(0,1]",633,606,1239,0.51,0.49
"MO_a0_(1,6]",Moon,Conjunction,"(1,6]",272,224,496,0.55,0.45
MO_a0_0,Moon,Conjunction,0,1100,987,2087,0.53,0.47
"MO_a103_(0,1]",Moon,BiSeptile,"(0,1]",797,686,1483,0.54,0.46
"MO_a103_(1,2]",Moon,BiSeptile,"(1,2]",448,422,870,0.51,0.49
"MO_a103_(2,7]",Moon,BiSeptile,"(2,7]",230,215,445,0.52,0.48
MO_a103_0,Moon,BiSeptile,0,530,494,1024,0.52,0.48
"MO_a120_(0,1]",Moon,Trine,"(0,1]",757,644,1401,0.54,0.46
"MO_a120_(1,2]",Moon,Trine,"(1,2]",438,405,843,0.52,0.48
"MO_a120_(2,8]",Moon,Trine,"(2,8]",258,240,498,0.52,0.48
MO_a120_0,Moon,Trine,0,552,528,1080,0.51,0.49
"MO_a135_(0,1]",Moon,SesquiSquare,"(0,1]",697,657,1354,0.51,0.49
"MO_a135_(1,2]",Moon,SesquiSquare,"(1,2]",445,367,812,0.55,0.45
"MO_a135_(2,7]",Moon,SesquiSquare,"(2,7]",251,284,535,0.47,0.53
MO_a135_0,Moon,SesquiSquare,0,612,509,1121,0.55,0.45
"MO_a144_(0,1]",Moon,BiQuintile,"(0,1]",671,630,1301,0.52,0.48
"MO_a144_(1,2]",Moon,BiQuintile,"(1,2]",450,392,842,0.53,0.47
"MO_a144_(2,7]",Moon,BiQuintile,"(2,7]",261,252,513,0.51,0.49
MO_a144_0,Moon,BiQuintile,0,623,543,1166,0.53,0.47
"MO_a150_(0,1]",Moon,Quincunx,"(0,1]",707,662,1369,0.52,0.48
"MO_a150_(1,2]",Moon,Quincunx,"(1,2]",443,403,846,0.52,0.48
"MO_a150_(2,7]",Moon,Quincunx,"(2,7]",261,236,497,0.53,0.47
MO_a150_0,Moon,Quincunx,0,594,516,1110,0.54,0.46
"MO_a180_(0,1]",Moon,Opposition,"(0,1]",656,564,1220,0.54,0.46
"MO_a180_(1,5]",Moon,Opposition,"(1,5]",259,231,490,0.53,0.47
MO_a180_0,Moon,Opposition,0,1090,1022,2112,0.52,0.48
"MO_a30_(0,1]",Moon,SemiSextile,"(0,1]",693,659,1352,0.51,0.49
"MO_a30_(1,2]",Moon,SemiSextile,"(1,2]",449,397,846,0.53,0.47
"MO_a30_(2,8]",Moon,SemiSextile,"(2,8]",283,235,518,0.55,0.45
MO_a30_0,Moon,SemiSextile,0,580,526,1106,0.52,0.48
"MO_a36_(0,1]",Moon,SemiQuintile,"(0,1]",693,658,1351,0.51,0.49
"MO_a36_(1,2]",Moon,SemiQuintile,"(1,2]",458,395,853,0.54,0.46
"MO_a36_(2,7]",Moon,SemiQuintile,"(2,7]",281,220,501,0.56,0.44
MO_a36_0,Moon,SemiQuintile,0,573,544,1117,0.51,0.49
"MO_a45_(0,1]",Moon,SemiSquare,"(0,1]",710,629,1339,0.53,0.47
"MO_a45_(1,2]",Moon,SemiSquare,"(1,2]",442,412,854,0.52,0.48
"MO_a45_(2,7]",Moon,SemiSquare,"(2,7]",277,238,515,0.54,0.46
MO_a45_0,Moon,SemiSquare,0,576,538,1114,0.52,0.48
"MO_a60_(0,1]",Moon,Sextile,"(0,1]",728,701,1429,0.51,0.49
"MO_a60_(1,2]",Moon,Sextile,"(1,2]",468,397,865,0.54,0.46
"MO_a60_(2,7]",Moon,Sextile,"(2,7]",272,225,497,0.55,0.45
MO_a60_0,Moon,Sextile,0,537,494,1031,0.52,0.48
"MO_a72_(0,1]",Moon,Quintile,"(0,1]",787,698,1485,0.53,0.47
"MO_a72_(1,2]",Moon,Quintile,"(1,2]",480,413,893,0.54,0.46
"MO_a72_(2,6]",Moon,Quintile,"(2,6]",231,223,454,0.51,0.49
MO_a72_0,Moon,Quintile,0,507,483,990,0.51,0.49
"MO_a90_(0,1]",Moon,Square,"(0,1]",747,689,1436,0.52,0.48
"MO_a90_(1,2]",Moon,Square,"(1,2]",411,388,799,0.51,0.49
"MO_a90_(2,7]",Moon,Square,"(2,7]",260,226,486,0.53,0.47
MO_a90_0,Moon,Square,0,587,514,1101,0.53,0.47
NE_a60_0,Neptune,Sextile,0,2005,1817,3822,0.52,0.48
"NN_a0_(0,2]",NNode,Conjunction,"(0,2]",122,137,259,0.47,0.53
NN_a0_0,NNode,Conjunction,0,1883,1680,3563,0.53,0.47
"NN_a103_(0,2]",NNode,BiSeptile,"(0,2]",238,197,435,0.55,0.45
NN_a103_0,NNode,BiSeptile,0,1767,1620,3387,0.52,0.48
"NN_a120_(0,2]",NNode,Trine,"(0,2]",285,275,560,0.51,0.49
NN_a120_0,NNode,Trine,0,1720,1542,3262,0.53,0.47
"NN_a135_(0,2]",NNode,SesquiSquare,"(0,2]",206,192,398,0.52,0.48
NN_a135_0,NNode,SesquiSquare,0,1799,1625,3424,0.53,0.47
"NN_a144_(0,2]",NNode,BiQuintile,"(0,2]",278,286,564,0.49,0.51
NN_a144_0,NNode,BiQuintile,0,1727,1531,3258,0.53,0.47
"NN_a150_(0,2]",NNode,Quincunx,"(0,2]",326,307,633,0.52,0.48
NN_a150_0,NNode,Quincunx,0,1679,1510,3189,0.53,0.47
"NN_a180_(1,3]",NNode,Opposition,"(1,3]",167,169,336,0.5,0.5
NN_a180_1,NNode,Opposition,1,1838,1648,3486,0.53,0.47
"NN_a30_(0,2]",NNode,SemiSextile,"(0,2]",248,227,475,0.52,0.48
NN_a30_0,NNode,SemiSextile,0,1757,1590,3347,0.52,0.48
"NN_a36_(0,3]",NNode,SemiQuintile,"(0,3]",222,213,435,0.51,0.49
NN_a36_0,NNode,SemiQuintile,0,1783,1604,3387,0.53,0.47
"NN_a45_(0,2]",NNode,SemiSquare,"(0,2]",206,184,390,0.53,0.47
NN_a45_0,NNode,SemiSquare,0,1799,1633,3432,0.52,0.48
"NN_a60_(0,2]",NNode,Sextile,"(0,2]",176,156,332,0.53,0.47
NN_a60_0,NNode,Sextile,0,1829,1661,3490,0.52,0.48
"NN_a72_(0,2]",NNode,Quintile,"(0,2]",303,247,550,0.55,0.45
NN_a72_0,NNode,Quintile,0,1702,1570,3272,0.52,0.48
"NN_a90_(0,3]",NNode,Square,"(0,3]",255,233,488,0.52,0.48
NN_a90_0,NNode,Square,0,1750,1584,3334,0.52,0.48
"PA_a0_(0,2]",Pallas,Conjunction,"(0,2]",277,221,498,0.56,0.44
PA_a0_0,Pallas,Conjunction,0,1728,1596,3324,0.52,0.48
"PA_a103_(0,3]",Pallas,BiSeptile,"(0,3]",337,374,711,0.47,0.53
PA_a103_0,Pallas,BiSeptile,0,1668,1443,3111,0.54,0.46
"PA_a120_(0,3]",Pallas,Trine,"(0,3]",322,303,625,0.52,0.48
PA_a120_0,Pallas,Trine,0,1683,1514,3197,0.53,0.47
"PA_a135_(0,3]",Pallas,SesquiSquare,"(0,3]",314,291,605,0.52,0.48
PA_a135_0,Pallas,SesquiSquare,0,1691,1526,3217,0.53,0.47
"PA_a144_(0,4]",Pallas,BiQuintile,"(0,4]",248,215,463,0.54,0.46
PA_a144_0,Pallas,BiQuintile,0,1757,1602,3359,0.52,0.48
"PA_a150_(0,3]",Pallas,Quincunx,"(0,3]",241,258,499,0.48,0.52
PA_a150_0,Pallas,Quincunx,0,1764,1559,3323,0.53,0.47
"PA_a180_(0,3]",Pallas,Opposition,"(0,3]",168,139,307,0.55,0.45
PA_a180_0,Pallas,Opposition,0,1837,1678,3515,0.52,0.48
"PA_a30_(0,3]",Pallas,SemiSextile,"(0,3]",457,416,873,0.52,0.48
PA_a30_0,Pallas,SemiSextile,0,1548,1401,2949,0.52,0.48
"PA_a36_(0,3]",Pallas,SemiQuintile,"(0,3]",388,310,698,0.56,0.44
PA_a36_0,Pallas,SemiQuintile,0,1617,1507,3124,0.52,0.48
"PA_a45_(0,2]",Pallas,SemiSquare,"(0,2]",427,328,755,0.57,0.43
PA_a45_0,Pallas,SemiSquare,0,1578,1489,3067,0.51,0.49
"PA_a60_(0,3]",Pallas,Sextile,"(0,3]",408,403,811,0.5,0.5
PA_a60_0,Pallas,Sextile,0,1597,1414,3011,0.53,0.47
"PA_a72_(0,3]",Pallas,Quintile,"(0,3]",399,374,773,0.52,0.48
PA_a72_0,Pallas,Quintile,0,1606,1443,3049,0.53,0.47
"PA_a90_(0,4]",Pallas,Square,"(0,4]",254,259,513,0.5,0.5
PA_a90_0,Pallas,Square,0,1751,1558,3309,0.53,0.47
PH_a103_0,Pholus,BiSeptile,0,2005,1817,3822,0.52,0.48
PH_a120_0,Pholus,Trine,0,2005,1817,3822,0.52,0.48
PH_a135_0,Pholus,SesquiSquare,0,2005,1817,3822,0.52,0.48
PH_a144_0,Pholus,BiQuintile,0,2005,1817,3822,0.52,0.48
PH_a150_0,Pholus,Quincunx,0,2005,1817,3822,0.52,0.48
PH_a180_0,Pholus,Opposition,0,2005,1817,3822,0.52,0.48
PH_a30_0,Pholus,SemiSextile,0,2005,1817,3822,0.52,0.48
PH_a36_0,Pholus,SemiQuintile,0,2005,1817,3822,0.52,0.48
PH_a45_0,Pholus,SemiSquare,0,2005,1817,3822,0.52,0.48
PH_a60_0,Pholus,Sextile,0,2005,1817,3822,0.52,0.48
"PH_a72_(0,1]",Pholus,Quintile,"(0,1]",936,839,1775,0.53,0.47
PH_a72_0,Pholus,Quintile,0,1069,978,2047,0.52,0.48
PH_a90_0,Pholus,Square,0,2005,1817,3822,0.52,0.48
"SA_a0_(0,1]",Saturn,Conjunction,"(0,1]",46,53,99,0.46,0.54
SA_a0_0,Saturn,Conjunction,0,1959,1764,3723,0.53,0.47
"SA_a103_(0,1]",Saturn,BiSeptile,"(0,1]",355,341,696,0.51,0.49
SA_a103_0,Saturn,BiSeptile,0,1650,1476,3126,0.53,0.47
"SA_a120_(0,1]",Saturn,Trine,"(0,1]",290,257,547,0.53,0.47
SA_a120_0,Saturn,Trine,0,1715,1560,3275,0.52,0.48
"SA_a135_(0,2]",Saturn,SesquiSquare,"(0,2]",190,163,353,0.54,0.46
SA_a135_0,Saturn,SesquiSquare,0,1815,1654,3469,0.52,0.48
"SA_a144_(0,2]",Saturn,BiQuintile,"(0,2]",188,157,345,0.54,0.46
SA_a144_0,Saturn,BiQuintile,0,1817,1660,3477,0.52,0.48
"SA_a150_(0,2]",Saturn,Quincunx,"(0,2]",217,186,403,0.54,0.46
SA_a150_0,Saturn,Quincunx,0,1788,1631,3419,0.52,0.48
"SA_a180_(0,2]",Saturn,Opposition,"(0,2]",129,104,233,0.55,0.45
SA_a180_0,Saturn,Opposition,0,1876,1713,3589,0.52,0.48
"SA_a30_(0,2]",Saturn,SemiSextile,"(0,2]",142,118,260,0.55,0.45
SA_a30_0,Saturn,SemiSextile,0,1863,1699,3562,0.52,0.48
"SA_a36_(0,2]",Saturn,SemiQuintile,"(0,2]",111,87,198,0.56,0.44
SA_a36_0,Saturn,SemiQuintile,0,1894,1730,3624,0.52,0.48
"SA_a45_(0,2]",Saturn,SemiSquare,"(0,2]",125,148,273,0.46,0.54
SA_a45_0,Saturn,SemiSquare,0,1880,1669,3549,0.53,0.47
"SA_a60_(0,2]",Saturn,Sextile,"(0,2]",209,187,396,0.53,0.47
SA_a60_0,Saturn,Sextile,0,1796,1630,3426,0.52,0.48
"SA_a72_(0,1]",Saturn,Quintile,"(0,1]",259,240,499,0.52,0.48
SA_a72_0,Saturn,Quintile,0,1746,1577,3323,0.53,0.47
"SA_a90_(0,1]",Saturn,Square,"(0,1]",272,234,506,0.54,0.46
SA_a90_0,Saturn,Square,0,1733,1583,3316,0.52,0.48
"SN_a0_(0,2]",SNode,Conjunction,"(0,2]",167,169,336,0.5,0.5
SN_a0_0,SNode,Conjunction,0,1838,1648,3486,0.53,0.47
"SN_a103_(0,2]",SNode,BiSeptile,"(0,2]",305,258,563,0.54,0.46
SN_a103_0,SNode,BiSeptile,0,1700,1559,3259,0.52,0.48
"SN_a120_(0,2]",SNode,Trine,"(0,2]",176,156,332,0.53,0.47
SN_a120_0,SNode,Trine,0,1829,1661,3490,0.52,0.48
"SN_a135_(0,2]",SNode,SesquiSquare,"(0,2]",205,184,389,0.53,0.47
SN_a135_0,SNode,SesquiSquare,0,1800,1633,3433,0.52,0.48
"SN_a144_(0,3]",SNode,BiQuintile,"(0,3]",222,213,435,0.51,0.49
SN_a144_0,SNode,BiQuintile,0,1783,1604,3387,0.53,0.47
"SN_a150_(0,2]",SNode,Quincunx,"(0,2]",248,227,475,0.52,0.48
SN_a150_0,SNode,Quincunx,0,1757,1590,3347,0.52,0.48
"SN_a180_(0,2]",SNode,Opposition,"(0,2]",122,137,259,0.47,0.53
SN_a180_0,SNode,Opposition,0,1883,1680,3563,0.53,0.47
"SN_a30_(0,2]",SNode,SemiSextile,"(0,2]",326,308,634,0.51,0.49
SN_a30_0,SNode,SemiSextile,0,1679,1509,3188,0.53,0.47
"SN_a36_(0,2]",SNode,SemiQuintile,"(0,2]",278,286,564,0.49,0.51
SN_a36_0,SNode,SemiQuintile,0,1727,1531,3258,0.53,0.47
"SN_a45_(0,2]",SNode,SemiSquare,"(0,2]",206,192,398,0.52,0.48
SN_a45_0,SNode,SemiSquare,0,1799,1625,3424,0.53,0.47
"SN_a60_(0,2]",SNode,Sextile,"(0,2]",285,275,560,0.51,0.49
SN_a60_0,SNode,Sextile,0,1720,1542,3262,0.53,0.47
"SN_a72_(0,2]",SNode,Quintile,"(0,2]",198,200,398,0.5,0.5
SN_a72_0,SNode,Quintile,0,1807,1617,3424,0.53,0.47
"SN_a90_(0,2]",SNode,Square,"(0,2]",255,233,488,0.52,0.48
SN_a90_0,SNode,Square,0,1750,1584,3334,0.52,0.48
"SU_a0_(0,3]",Sun,Conjunction,"(0,3]",364,319,683,0.53,0.47
SU_a0_0,Sun,Conjunction,0,1641,1498,3139,0.52,0.48
"SU_a103_(0,1]",Sun,BiSeptile,"(0,1]",481,437,918,0.52,0.48
"SU_a103_(1,4]",Sun,BiSeptile,"(1,4]",81,60,141,0.57,0.43
SU_a103_0,Sun,BiSeptile,0,1443,1320,2763,0.52,0.48
"SU_a120_(0,1]",Sun,Trine,"(0,1]",427,421,848,0.5,0.5
"SU_a120_(1,3]",Sun,Trine,"(1,3]",79,70,149,0.53,0.47
SU_a120_0,Sun,Trine,0,1499,1326,2825,0.53,0.47
"SU_a135_(0,1]",Sun,SesquiSquare,"(0,1]",424,379,803,0.53,0.47
"SU_a135_(1,4]",Sun,SesquiSquare,"(1,4]",82,66,148,0.55,0.45
SU_a135_0,Sun,SesquiSquare,0,1499,1372,2871,0.52,0.48
"SU_a144_(0,1]",Sun,BiQuintile,"(0,1]",454,397,851,0.53,0.47
"SU_a144_(1,4]",Sun,BiQuintile,"(1,4]",73,62,135,0.54,0.46
SU_a144_0,Sun,BiQuintile,0,1478,1358,2836,0.52,0.48
"SU_a150_(0,4]",Sun,Quincunx,"(0,4]",483,463,946,0.51,0.49
SU_a150_0,Sun,Quincunx,0,1522,1354,2876,0.53,0.47
"SU_a180_(0,3]",Sun,Opposition,"(0,3]",250,223,473,0.53,0.47
SU_a180_0,Sun,Opposition,0,1755,1594,3349,0.52,0.48
"SU_a30_(0,1]",Sun,SemiSextile,"(0,1]",592,491,1083,0.55,0.45
"SU_a30_(1,4]",Sun,SemiSextile,"(1,4]",115,79,194,0.59,0.41
SU_a30_0,Sun,SemiSextile,0,1298,1247,2545,0.51,0.49
"SU_a36_(0,1]",Sun,SemiQuintile,"(0,1]",535,461,996,0.54,0.46
"SU_a36_(1,5]",Sun,SemiQuintile,"(1,5]",109,111,220,0.5,0.5
SU_a36_0,Sun,SemiQuintile,0,1361,1245,2606,0.52,0.48
"SU_a45_(0,1]",Sun,SemiSquare,"(0,1]",505,481,986,0.51,0.49
"SU_a45_(1,4]",Sun,SemiSquare,"(1,4]",117,86,203,0.58,0.42
SU_a45_0,Sun,SemiSquare,0,1383,1250,2633,0.53,0.47
"SU_a60_(0,1]",Sun,Sextile,"(0,1]",517,475,992,0.52,0.48
"SU_a60_(1,4]",Sun,Sextile,"(1,4]",96,92,188,0.51,0.49
SU_a60_0,Sun,Sextile,0,1392,1250,2642,0.53,0.47
"SU_a72_(0,1]",Sun,Quintile,"(0,1]",504,485,989,0.51,0.49
"SU_a72_(1,4]",Sun,Quintile,"(1,4]",73,91,164,0.45,0.55
SU_a72_0,Sun,Quintile,0,1428,1241,2669,0.54,0.46
"SU_a90_(0,1]",Sun,Square,"(0,1]",388,390,778,0.5,0.5
"SU_a90_(1,5]",Sun,Square,"(1,5]",119,102,221,0.54,0.46
SU_a90_0,Sun,Square,0,1498,1325,2823,0.53,0.47
UR_a0_0,Uranus,Conjunction,0,2005,1817,3822,0.52,0.48
"UR_a103_(0,1]",Uranus,BiSeptile,"(0,1]",528,485,1013,0.52,0.48
UR_a103_0,Uranus,BiSeptile,0,1477,1332,2809,0.53,0.47
"UR_a120_(0,1]",Uranus,Trine,"(0,1]",216,217,433,0.5,0.5
UR_a120_0,Uranus,Trine,0,1789,1600,3389,0.53,0.47
UR_a135_0,Uranus,SesquiSquare,0,2005,1817,3822,0.52,0.48
UR_a144_0,Uranus,BiQuintile,0,2005,1817,3822,0.52,0.48
UR_a150_0,Uranus,Quincunx,0,2005,1817,3822,0.52,0.48
UR_a180_0,Uranus,Opposition,0,2005,1817,3822,0.52,0.48
"UR_a30_(0,2]",Uranus,SemiSextile,"(0,2]",319,292,611,0.52,0.48
UR_a30_0,Uranus,SemiSextile,0,1686,1525,3211,0.53,0.47
"UR_a36_(0,1]",Uranus,SemiQuintile,"(0,1]",312,313,625,0.5,0.5
UR_a36_0,Uranus,SemiQuintile,0,1693,1504,3197,0.53,0.47
"UR_a45_(0,1]",Uranus,SemiSquare,"(0,1]",282,298,580,0.49,0.51
UR_a45_0,Uranus,SemiSquare,0,1723,1519,3242,0.53,0.47
UR_a60_0,Uranus,Sextile,0,2005,1817,3822,0.52,0.48
UR_a72_0,Uranus,Quintile,0,2005,1817,3822,0.52,0.48
"UR_a90_(0,1]",Uranus,Square,"(0,1]",277,261,538,0.51,0.49
UR_a90_0,Uranus,Square,0,1728,1556,3284,0.53,0.47
"VE_a0_(0,3]",Venus,Conjunction,"(0,3]",412,349,761,0.54,0.46
VE_a0_0,Venus,Conjunction,0,1593,1468,3061,0.52,0.48
"VE_a103_(0,1]",Venus,BiSeptile,"(0,1]",521,476,997,0.52,0.48
"VE_a103_(1,4]",Venus,BiSeptile,"(1,4]",85,69,154,0.55,0.45
VE_a103_0,Venus,BiSeptile,0,1399,1272,2671,0.52,0.48
"VE_a120_(0,1]",Venus,Trine,"(0,1]",440,442,882,0.5,0.5
"VE_a120_(1,4]",Venus,Trine,"(1,4]",57,68,125,0.46,0.54
VE_a120_0,Venus,Trine,0,1508,1307,2815,0.54,0.46
"VE_a135_(0,1]",Venus,SesquiSquare,"(0,1]",451,407,858,0.53,0.47
"VE_a135_(1,3]",Venus,SesquiSquare,"(1,3]",77,64,141,0.55,0.45
VE_a135_0,Venus,SesquiSquare,0,1477,1346,2823,0.52,0.48
"VE_a144_(0,1]",Venus,BiQuintile,"(0,1]",441,414,855,0.52,0.48
"VE_a144_(1,4]",Venus,BiQuintile,"(1,4]",65,58,123,0.53,0.47
VE_a144_0,Venus,BiQuintile,0,1499,1345,2844,0.53,0.47
"VE_a150_(0,4]",Venus,Quincunx,"(0,4]",520,476,996,0.52,0.48
VE_a150_0,Venus,Quincunx,0,1485,1341,2826,0.53,0.47
"VE_a180_(0,2]",Venus,Opposition,"(0,2]",263,225,488,0.54,0.46
VE_a180_0,Venus,Opposition,0,1742,1592,3334,0.52,0.48
"VE_a30_(0,1]",Venus,SemiSextile,"(0,1]",598,581,1179,0.51,0.49
"VE_a30_(1,5]",Venus,SemiSextile,"(1,5]",138,104,242,0.57,0.43
VE_a30_0,Venus,SemiSextile,0,1269,1132,2401,0.53,0.47
"VE_a36_(0,1]",Venus,SemiQuintile,"(0,1]",573,542,1115,0.51,0.49
"VE_a36_(1,5]",Venus,SemiQuintile,"(1,5]",164,132,296,0.55,0.45
VE_a36_0,Venus,SemiQuintile,0,1268,1143,2411,0.53,0.47
"VE_a45_(0,1]",Venus,SemiSquare,"(0,1]",733,655,1388,0.53,0.47
"VE_a45_(1,5]",Venus,SemiSquare,"(1,5]",193,156,349,0.55,0.45
VE_a45_0,Venus,SemiSquare,0,1079,1006,2085,0.52,0.48
"VE_a60_(0,1]",Venus,Sextile,"(0,1]",540,418,958,0.56,0.44
"VE_a60_(1,5]",Venus,Sextile,"(1,5]",89,112,201,0.44,0.56
VE_a60_0,Venus,Sextile,0,1376,1287,2663,0.52,0.48
"VE_a72_(0,1]",Venus,Quintile,"(0,1]",529,457,986,0.54,0.46
"VE_a72_(1,5]",Venus,Quintile,"(1,5]",75,75,150,0.5,0.5
VE_a72_0,Venus,Quintile,0,1401,1285,2686,0.52,0.48
"VE_a90_(0,1]",Venus,Square,"(0,1]",463,409,872,0.53,0.47
"VE_a90_(1,4]",Venus,Square,"(1,4]",120,104,224,0.54,0.46
VE_a90_0,Venus,Square,0,1422,1304,2726,0.52,0.48
"VS_a0_(0,2]",Vesta,Conjunction,"(0,2]",257,213,470,0.55,0.45
VS_a0_0,Vesta,Conjunction,0,1748,1604,3352,0.52,0.48
"VS_a103_(0,3]",Vesta,BiSeptile,"(0,3]",489,411,900,0.54,0.46
VS_a103_0,Vesta,BiSeptile,0,1516,1406,2922,0.52,0.48
"VS_a120_(0,3]",Vesta,Trine,"(0,3]",449,473,922,0.49,0.51
VS_a120_0,Vesta,Trine,0,1556,1344,2900,0.54,0.46
"VS_a135_(0,3]",Vesta,SesquiSquare,"(0,3]",529,544,1073,0.49,0.51
VS_a135_0,Vesta,SesquiSquare,0,1476,1273,2749,0.54,0.46
"VS_a144_(0,4]",Vesta,BiQuintile,"(0,4]",500,494,994,0.5,0.5
VS_a144_0,Vesta,BiQuintile,0,1505,1323,2828,0.53,0.47
"VS_a150_(0,4]",Vesta,Quincunx,"(0,4]",499,432,931,0.54,0.46
VS_a150_0,Vesta,Quincunx,0,1506,1385,2891,0.52,0.48
"VS_a180_(0,2]",Vesta,Opposition,"(0,2]",251,223,474,0.53,0.47
VS_a180_0,Vesta,Opposition,0,1754,1594,3348,0.52,0.48
"VS_a30_(0,3]",Vesta,SemiSextile,"(0,3]",405,400,805,0.5,0.5
VS_a30_0,Vesta,SemiSextile,0,1600,1417,3017,0.53,0.47
"VS_a36_(0,4]",Vesta,SemiQuintile,"(0,4]",460,441,901,0.51,0.49
VS_a36_0,Vesta,SemiQuintile,0,1545,1376,2921,0.53,0.47
"VS_a45_(0,1]",Vesta,SemiSquare,"(0,1]",433,393,826,0.52,0.48
"VS_a45_(1,3]",Vesta,SemiSquare,"(1,3]",76,58,134,0.57,0.43
VS_a45_0,Vesta,SemiSquare,0,1496,1366,2862,0.52,0.48
"VS_a60_(0,3]",Vesta,Sextile,"(0,3]",413,347,760,0.54,0.46
VS_a60_0,Vesta,Sextile,0,1592,1470,3062,0.52,0.48
"VS_a72_(0,1]",Vesta,Quintile,"(0,1]",575,479,1054,0.55,0.45
"VS_a72_(1,3]",Vesta,Quintile,"(1,3]",48,41,89,0.54,0.46
VS_a72_0,Vesta,Quintile,0,1382,1297,2679,0.52,0.48
"VS_a90_(0,4]",Vesta,Square,"(0,4]",496,426,922,0.54,0.46
VS_a90_0,Vesta,Square,0,1509,1391,2900,0.52,0.48
